Season,Name,Tm,PA,BB%,K%,BB/K,AVG,OBP,SLG,OPS,ISO,BABIP,wRC,wRAA,wOBA,wRC+,playerId
2018,"Adrian Beltre","TEX",39,0.025641025,0.179487179,0.142857142,0.243243243,0.256410256,0.567567567,0.823977823,0.324324324,0.214285714,5.284439722269223,0.7253398394281132,0.3374982522084163,105.87170154840031,639
2018,"Todd Frazier","NYM",47,0.14893617,0.319148936,0.466666666,0.128205128,0.276595744,0.179487179,0.456082923,0.051282051,0.208333333,2.140710185263065,-3.3535896735454527,0.2272345537834979,43.23658368609638,785
2018,"Wilson Ramos","PHI",27,0.074074074,0.148148148,0.5,0.2,0.259259259,0.24,0.499259259,0.04,0.238095238,0.845860894389187,-2.310439024500812,0.20980489941743705,26.35547032297995,1433
2018,"Joe Mauer","MIN",56,0.089285714,0.178571428,0.5,0.34,0.392857142,0.38,0.772857142,0.04,0.414634146,7.191303971294175,0.6449041395223244,0.3288166567131325,105.28384451823203,1857
2018,"Jose Bautista","PHI",22,0.272727272,0.227272727,1.2,0.3125,0.5,0.5625,1.0625,0.25,0.4,5.125591623021319,2.553791689110949,0.4569942328062924,191.46687909669674,1887
2018,"David Peralta","ARI",38,0.105263157,0.210526315,0.5,0.205882352,0.289473684,0.411764705,0.701238389,0.205882353,0.208333333,3.815285804979867,-0.6269140808653174,0.2944768522236798,80.68842956870883,2136
2018,"Edwin Encarnacion","CLE",47,0.127659574,0.319148936,0.4,0.333333333,0.425531914,0.487179487,0.912711401,0.153846154,0.5,8.527474640442946,3.03317478163443,0.39380867430504335,147.72129238936205,2151
2018,"Carlos Santana","PHI",55,0.2,0.09090909,2.2,0.209302325,0.363636363,0.302325581,0.665961944,0.093023256,0.210526315,6.193855237075537,-0.2356445977003882,0.309448073127053,92.91264963296967,2396
2018,"Nelson Cruz","SEA",53,0.094339622,0.339622641,0.277777777,0.170212765,0.245283018,0.255319148,0.500602166,0.085106383,0.24137931,2.3809566139167906,-3.8147432268672823,0.226470485048474,42.38825510312184,2434
2018,"Yonder Alonso","CLE",42,0.119047619,0.214285714,0.555555555,0.361111111,0.452380952,0.388888888,0.84126984,0.027777777,0.481481481,7.154893145931591,2.2450932721027033,0.380225393034163,138.45665111253268,2530
2018,"Pete Kozma","DET",25,0.04,0.16,0.25,0.347826086,0.36,0.52173913,0.88173913,0.173913044,0.4,3.9768830830647723,1.0543831581666248,0.36639910221099853,132.7136341222016,2539
2018,"Manny Pina","MIL",20,0,0.05,0,0.263157894,0.25,0.47368421,0.72368421,0.210526316,0.222222222,2.030200639509129,-0.30779930040938935,0.29583477675914766,81.92439869958582,2829
2018,"Tommy Pham","TBR",64,0.1875,0.203125,0.923076923,0.408163265,0.515625,0.81632653,1.33195153,0.408163265,0.470588235,18.80564068114903,11.324040873409771,0.5315932100638747,248.30596006435508,2967
2018,"Mitch Moreland","BOS",28,0.214285714,0.214285714,1,0.227272727,0.392857142,0.318181818,0.71103896,0.090909091,0.3125,3.6474160759447267,0.3742161600588012,0.33108284005096983,104.30356404441088,3086
2018,"Gregor Blanco","SFG",36,0.027777777,0.388888888,0.071428571,0.171428571,0.194444444,0.228571428,0.423015872,0.057142857,0.285714285,0.4337660857888593,-3.774633806064473,0.18617228501372868,12.9333603851123,3123
2018,"Robinson Chirinos","TEX",22,0.045454545,0.181818181,0.25,0.315789473,0.409090909,0.47368421,0.882775119,0.157894737,0.357142857,3.905576269332647,1.333776335422277,0.38901643319563434,141.01029998886483,3142
2018,"Shin-Soo Choo","TEX",34,0.058823529,0.294117647,0.2,0.161290322,0.235294117,0.193548387,0.428842504,0.032258065,0.238095238,0.8459285374991851,-3.1286713603622958,0.20190093797795913,13.38591336555148,3174
2018,"Welington Castillo","CHW",24,0.041666666,0.208333333,0.2,0.363636363,0.416666666,0.409090909,0.825757575,0.045454546,0.470588235,3.834218102729077,1.0286181748268552,0.36723726987838745,134.99227890065066,3256
2018,"Robinson Cano","SEA",50,0.04,0.08,0.5,0.4375,0.46,0.6875,1.1475,0.25,0.452380952,12.879726386772205,7.034726536975909,0.48716529726982116,220.198304810253,3269
2018,"Charlie Culberson","ATL",31,0.129032258,0.322580645,0.4,0.16,0.29032258,0.16,0.45032258,0,0.25,0.5639413334497958,-3.0599585734239074,0.19370196605550832,13.587014859089905,3298
2018,"Nick Hundley","SFG",41,0.073170731,0.268292682,0.272727272,0.236842105,0.292682926,0.394736842,0.687419768,0.157894737,0.307692307,3.924415393024889,-0.8684844838080731,0.2887341484427452,81.44009376661808,3376
2018,"Ryan Braun","MIL",33,0.121212121,0.212121212,0.571428571,0.344827586,0.424242424,0.931034482,1.355276906,0.586206896,0.294117647,10.106856824063366,6.249156923197811,0.5468303850202849,249.5782286924004,3410
2018,"Anthony Rizzo","CHC",54,0.111111111,0.111111111,1,0.347826086,0.407407407,0.434782608,0.842190015,0.086956522,0.38095238,7.953708374940039,1.6411085371600396,0.35195358899923473,120.89625629756068,3473
2018,"Eric Hosmer","SDP",50,0.14,0.14,1,0.285714285,0.4,0.357142857,0.757142857,0.071428572,0.323529411,6.497533239222913,0.6525333894266178,0.3306976954142253,109.36429625169728,3516
2018,"Gregorio Petit","MIN",23,0.04347826,0.217391304,0.2,0.136363636,0.173913043,0.181818181,0.355731224,0.045454545,0.176470588,-0.20100028025068545,-2.889700211156981,0.1606898230055104,-9.389095859547037,3812
2018,"Josh Reddick","HOU",30,0.166666666,0.133333333,1.25,0.28,0.4,0.52,0.92,0.24,0.263157894,5.518690808265979,2.0116908983882023,0.39689861933390297,157.76312894306363,3892
2018,"Melky Cabrera","CLE",43,0.069767441,0.046511627,1.5,0.3,0.348837209,0.4,0.748837209,0.1,0.315789473,5.485035242337303,0.4583353715124893,0.3277659097383189,102.676026047679,4022
2018,"Michael Brantley","CLE",50,0.04,0.16,0.25,0.333333333,0.38,0.422222222,0.802222222,0.088888889,0.378378378,7.3104846837497695,1.4654848339534752,0.3506282365322113,118.26955255096478,4106
2018,"Gorkys Hernandez","SFG",28,0.071428571,0.071428571,1,0.153846153,0.214285714,0.23076923,0.445054944,0.076923077,0.166666666,0.6498778397848053,-2.62332207610112,0.1998534266437803,22.071750530034347,4146
2018,"Ryan Zimmerman","WSN",32,0.09375,0.21875,0.428571428,0.25,0.3125,0.357142857,0.669642857,0.107142857,0.318181818,2.800432029140179,-0.9403678747294502,0.27867763657723704,69.9698836677546,4220
2018,"Matt Wieters","WSN",29,0.206896551,0.137931034,1.5,0.304347826,0.448275862,0.608695652,1.056971514,0.304347826,0.294117647,6.521025896490904,3.1309259836090524,0.44704249398461704,182.43007122280457,4298
2018,"Joey Votto","CIN",44,0.113636363,0.159090909,0.714285714,0.236842105,0.34090909,0.263157894,0.604066984,0.026315789,0.29032258,4.00520773006077,-1.1383921377599702,0.2829850817268545,72.82926307946369,4314
2018,"Daniel Murphy","CHC",49,0.040816326,0.102040816,0.4,0.391304347,0.408163265,0.586956521,0.995119786,0.195652174,0.4,9.967030838125384,4.238930985325014,0.42074367829731535,166.8449564213175,4316
2018,"Erik Kratz","MIL",27,0,0.185185185,0,0.192307692,0.222222222,0.307692307,0.529914529,0.115384615,0.2,1.3389162329524822,-1.8173836859375172,0.23218986281642207,39.41244537903378,4403
2018,"Jed Lowrie","OAK",51,0.137254901,0.176470588,0.777777777,0.255813953,0.352941176,0.418604651,0.771545827,0.162790698,0.272727272,6.877360665079254,0.9154608182870337,0.33670362421110567,115.08442206242464,4418
2018,"Starlin Castro","MIA",35,0.085714285,0.2,0.428571428,0.25,0.314285714,0.40625,0.720535714,0.15625,0.291666666,4.0728350686624655,-0.0186648261949409,0.3140463045665196,100.36777954896925,4579
2018,"Curtis Granderson","MIL",32,0.1875,0.15625,1.2,0.153846153,0.3125,0.192307692,0.504807692,0.038461539,0.19047619,2.0705987022791392,-1.6702012015904897,0.2507201451808214,51.78984445291582,4747
2018,"Mike Moustakas","MIL",50,0.12,0.18,0.666666666,0.238095238,0.34,0.428571428,0.768571428,0.19047619,0.25,6.020125024792007,0.17512517499571137,0.31899342437585193,97.39333856388384,4892
2018,"Ender Inciarte","ATL",46,0.152173913,0.130434782,1.166666666,0.333333333,0.434782608,0.384615384,0.819397992,0.051282051,0.393939393,7.433091117688504,2.0556912558759133,0.36948032482810644,130.9990894457355,4922
2018,"Jason Heyward","CHC",35,0.057142857,0.2,0.285714285,0.242424242,0.285714285,0.393939393,0.679653678,0.151515151,0.28,3.510327428529666,-0.5811724663277404,0.2943454589162554,82.41660434649033,4940
2018,"Giancarlo Stanton","NYY",51,0.137254901,0.235294117,0.583333333,0.272727272,0.372549019,0.613636363,0.986185382,0.340909091,0.285714285,9.84362232390975,3.88172247711753,0.40799939513206485,160.13418068102573,4949
2018,"Josh Donaldson","CLE",47,0.212765957,0.127659574,1.666666666,0.324324324,0.468085106,0.567567567,1.035652673,0.243243243,0.344827586,10.44170097859306,4.947401119784543,0.443733886201331,181.77338699483744,5038
2018,"Jefry Marte","LAA",25,0.16,0.2,0.8,0.2,0.36,0.55,0.91,0.35,0.153846153,4.3903050252441504,1.4678051003460026,0.3866702342033386,150.05657520892322,5107
2018,"Alex Gordon","KCR",46,0.02173913,0.260869565,0.083333333,0.272727272,0.304347826,0.454545454,0.75889328,0.181818182,0.333333333,5.806467239979643,0.4290673781670517,0.32613384853238647,104.14223957835435,5209
2018,"Justin Upton","LAA",38,0.131578947,0.368421052,0.357142857,0.161290322,0.315789473,0.225806451,0.541595924,0.064516129,0.294117647,2.8616493761674886,-1.5805505096776955,0.26371420370905024,66.19292749115439,5222
2018,"Jon Jay","ARI",26,0.038461538,0.192307692,0.2,0.2,0.23076923,0.24,0.47076923,0.04,0.25,0.8145327131155135,-2.22486720877856,0.20980489941743705,24.131355605214274,5227
2018,"Justin Turner","LAD",52,0.096153846,0.076923076,1.25,0.260869565,0.346153846,0.434782608,0.780936454,0.173913043,0.268292682,6.888105651056008,0.8093058072678617,0.33377804943159517,112.75073883605668,5235
2018,"Robbie Grossman","MIN",57,0.210526315,0.157894736,1.333333333,0.311111111,0.45614035,0.444444444,0.900584794,0.133333333,0.371428571,10.664246257056138,4.000946428288363,0.4007423781512076,154.34165274675402,5254
2018,"Francisco Cervelli","PIT",25,0.08,0.16,0.5,0.272727272,0.333333333,0.5,0.833333333,0.227272728,0.294117647,3.76397277531447,0.8414728504163221,0.35595956693092984,125.33935874656778,5275
2018,"Aaron Hicks","NYY",39,0.128205128,0.153846153,0.833333333,0.323529411,0.41025641,0.705882352,1.116138762,0.382352941,0.32,9.23948554556118,4.68038566272007,0.46180977882483065,196.83620370036604,5297
2018,"Kristopher Negron","SEA",21,0.047619047,0.285714285,0.166666666,0.1,0.142857142,0.1,0.242857142,0,0.142857142,-0.938853082062455,-3.393753018976899,0.11659957397551764,-32.550528652431666,5306
2018,"Brandon Crawford","SFG",42,0.166666666,0.19047619,0.875,0.264705882,0.404761904,0.470588235,0.875350139,0.205882353,0.291666666,7.033073783159957,2.1232739093310693,0.37666996804679315,140.17728463745354,5343
2018,"Yangervis Solarte","TOR",20,0,0.1,0,0.1,0.1,0.1,0.2,0,0.111111111,-1.3615332935529512,-3.6995332334714695,0.08795307278633117,-56.7076476854091,5352
2018,"Freddie Freeman","ATL",49,0.081632653,0.265306122,0.307692307,0.377777777,0.428571428,0.644444444,1.073015872,0.266666667,0.5,10.872972927479404,5.144873074679035,0.4434072755752726,180.37898305549797,5361
2018,"Jose Altuve","HOU",45,0.133333333,0.088888888,1.5,0.282051282,0.377777777,0.358974358,0.736752135,0.076923076,0.294117647,5.914606582677855,0.6541067178611897,0.3325180742475722,113.8515995020674,5417
2018,"Ji-Man Choi","TBR",24,0.25,0.166666666,1.5,0.277777777,0.458333333,0.5,0.958333333,0.222222223,0.307692307,4.845936765736713,2.0403368378344915,0.4189113800724347,171.4499550631639,5452
2018,"Jose Pirela","SDP",31,0,0.258064516,0,0.225806451,0.225806451,0.451612903,0.677419354,0.225806452,0.238095238,2.8663251984095015,-0.7575747084642017,0.28474370125801335,78.66908537876166,5485
2018,"Marwin Gonzalez","HOU",40,0.15,0.125,1.2,0.264705882,0.375,0.411764705,0.786764705,0.147058823,0.285714285,5.778728485495903,1.1027286056588668,0.34849350452423095,124.74783494066773,5497
2018,"Matt Kemp","LAD",27,0,0.259259259,0,0.37037037,0.37037037,0.703703703,1.074074073,0.333333333,0.444444444,6.178157870818017,3.021857951928017,0.4518938969682764,191.64683729595188,5631
2018,"Avisail Garcia","CHW",44,0.113636363,0.318181818,0.357142857,0.205128205,0.295454545,0.282051282,0.577505827,0.076923077,0.291666666,2.6128069830413074,-2.5307928847794323,0.2441936277207874,51.06887458828132,5760
2018,"Nick Markakis","ATL",50,0.14,0.18,0.777777777,0.162790697,0.28,0.209302325,0.489302325,0.046511628,0.205882352,2.5687355652399684,-3.276264284556327,0.2343782114982605,40.75692586052103,5930
2018,"Jean Segura","SEA",50,0.12,0.04,3,0.25,0.34,0.34090909,0.68090909,0.09090909,0.243902439,5.51546945891616,-0.3295303908801351,0.3066211497783661,97.05598538223903,5933
2018,"Jesus Sucre","TBR",24,0.041666666,0.166666666,0.25,0.363636363,0.416666666,0.545454545,0.962121211,0.181818182,0.411764705,4.7734290974016735,1.9678291694994516,0.41520800938208896,168.92402629257066,5942
2018,"Didi Gregorius","NYY",29,0.034482758,0.137931034,0.25,0.23076923,0.310344827,0.346153846,0.656498673,0.115384616,0.238095238,2.926784268836526,-0.46331564404532516,0.29511591483806743,83.14063765207072,6012
2018,"Eduardo Escobar","ARI",40,0.05,0.15,0.333333333,0.342105263,0.375,0.5,0.875,0.157894737,0.387096774,6.436972606677175,1.7609727268401385,0.3686656218308669,130.24320645611488,6153
2018,"J.D. Martinez","BOS",39,0.153846153,0.153846153,1,0.375,0.461538461,0.65625,1.117788461,0.28125,0.4,9.090704589194138,4.5316047063530265,0.45713342647803457,190.2778910639269,6184
2018,"Ian Kinsler","BOS",37,0.108108108,0.108108108,1,0.121212121,0.216216216,0.181818181,0.398034397,0.06060606,0.137931034,0.5464462982518465,-3.7788535905974117,0.189506205352577,7.739508018181278,6195
2018,"Alcides Escobar","KCR",32,0.03125,0.03125,1,0.419354838,0.4375,0.483870967,0.921370967,0.064516129,0.433333333,6.015629277883948,2.2748293740143195,0.4018411673605442,155.7793320441554,6310
2018,"Adam Jones","BAL",51,0.019607843,0.176470588,0.111111111,0.234042553,0.274509803,0.29787234,0.572382143,0.063829787,0.282051282,3.3989081006154978,-2.5629917461767238,0.2530970561738108,55.25497547194731,6368
2018,"Jim Adduci","DET",27,0.037037037,0.333333333,0.111111111,0.192307692,0.222222222,0.192307692,0.414529914,0,0.294117647,0.37470526502338947,-2.78159465386661,0.18841419396577058,11.316874775366848,6448
2018,"Freddy Galvis","SDP",54,0.037037037,0.129629629,0.285714285,0.403846153,0.425925925,0.673076923,1.099002848,0.26923077,0.441860465,12.890416675120466,6.5778168373404675,0.4640181241212068,198.41637426955097,6609
2018,"Ian Desmond","COL",52,0.153846153,0.173076923,0.888888888,0.25,0.365384615,0.409090909,0.774475524,0.159090909,0.272727272,7.30004087656975,1.221241032781603,0.3434887390870314,100.06271038172453,6885
2018,"Martin Maldonado","HOU",23,0,0.173913043,0,0.217391304,0.217391304,0.217391304,0.434782608,0,0.263157894,0.3715073394598019,-2.317192591446494,0.1912023321441982,17.465488425694094,6887
2018,"Yadier Molina","STL",44,0.022727272,0.09090909,0.25,0.170731707,0.227272727,0.390243902,0.617516629,0.219512195,0.117647058,3.425302468193729,-1.7182973996270108,0.2668292671442032,65.90015887706812,7007
2018,"Caleb Joseph","BAL",21,0,0.285714285,0,0.285714285,0.285714285,0.333333333,0.619047618,0.047619048,0.4,1.6686698558407824,-0.7862300810736615,0.2688061197598775,65.96953228759797,7087
2018,"Logan Forsythe","MIN",40,0.175,0.225,0.777777777,0.151515151,0.3,0.181818181,0.481818181,0.03030303,0.208333333,2.2319945529200687,-2.4440053269169675,0.2398026242852211,44.57074710070291,7185
2018,"Matt Davidson","CHW",52,0.038461538,0.365384615,0.105263157,0.1875,0.23076923,0.208333333,0.439102563,0.020833333,0.3,1.199065380523948,-4.879734463264199,0.1996683615904588,20.699878303326933,7226
2018,"Carlos Gonzalez","COL",29,0.068965517,0.206896551,0.333333333,0.307692307,0.344827586,0.576923076,0.921750662,0.269230769,0.35,4.949292039283126,1.559192126401275,0.38060618474565705,124.85550244422316,7287
2018,"Salvador Perez","KCR",48,0.041666666,0.125,0.333333333,0.244444444,0.291666666,0.355555555,0.647222221,0.111111111,0.263157894,4.432601388508685,-1.1785984672957581,0.28460121154785156,75.81440219730935,7304
2018,"Ben Zobrist","CHC",52,0.076923076,0.057692307,1.333333333,0.270833333,0.326923076,0.354166666,0.681089742,0.083333333,0.288888888,5.476603628353762,-0.6021962154343851,0.3005042305359474,86.53038807858712,7435
2018,"Neil Walker","NYY",27,0.148148148,0.296296296,0.5,0.227272727,0.37037037,0.636363636,1.006734006,0.409090909,0.25,5.398157810523572,2.2418578916335723,0.4164814971111439,165.91950092453115,7539
2018,"Mark Reynolds","WSN",25,0.08,0.36,0.222222222,0.136363636,0.24,0.181818181,0.421818181,0.045454545,0.23076923,0.6693601159868036,-2.253139808911344,0.20422281742095946,20.237397591801788,7619
2018,"Miguel Rojas","MIA",40,0.05,0.05,1,0.305555555,0.35,0.361111111,0.711111111,0.055555556,0.314285714,4.612009822974511,-0.06399005686252446,0.31273901015520095,99.49456540588454,7802
2018,"Charlie Blackmon","COL",57,0.070175438,0.140350877,0.5,0.31372549,0.385964912,0.62745098,1.013415892,0.31372549,0.325,11.60352813069685,4.940228301929072,0.4209421085459845,151.7980938237007,7859
2018,"Jonathan Lucroy","OAK",31,0.064516129,0.161290322,0.4,0.269230769,0.322580645,0.423076923,0.745657568,0.153846154,0.272727272,3.639637097391798,0.01573719051809526,0.31532229338922807,100.50102677408772,7870
2018,"Tim Beckham","BAL",35,0.114285714,0.171428571,0.666666666,0.29032258,0.371428571,0.548387096,0.919815667,0.258064516,0.304347826,6.2920613431144155,2.2005614482570093,0.39177082095827376,149.8390939639733,7949
2018,"Jose Martinez","STL",52,0.076923076,0.134615384,0.571428571,0.347826086,0.4,0.54347826,0.94347826,0.195652174,0.394736842,9.857112173097736,3.7783123293095877,0.40376745343208315,157.36873700273296,7996
2018,"Matt Carpenter","STL",52,0.134615384,0.269230769,0.5,0.142857142,0.294117647,0.261904761,0.556022408,0.119047619,0.185185185,3.9006390069984245,-2.178160836789723,0.26335347867479514,63.57848778019838,8090
2018,"Dee Gordon","SEA",29,0.034482758,0.034482758,1,0.25,0.275862068,0.678571428,0.954433496,0.428571428,0.2,5.118487685129504,1.728387772247653,0.3877579898669802,152.39634849229043,8203
2018,"Hunter Pence","SFG",39,0,0.153846153,0,0.307692307,0.307692307,0.538461538,0.846153845,0.230769231,0.322580645,5.935244006403489,1.3761441235623784,0.35795376086846376,127.67569611116626,8252
2018,"Kurt Suzuki","ATL",25,0.08,0.2,0.4,0.272727272,0.36,0.318181818,0.678181818,0.045454546,0.352941176,2.8218830349264654,-0.10061688997168253,0.30976650476455686,91.11293085311148,8259
2018,"Chris Iannetta","COL",32,0.1875,0.25,0.75,0.28,0.4375,0.44,0.8775,0.16,0.375,5.749840229280693,2.0090403254110645,0.39165967144072056,132.2387367248564,8267
2018,"Denard Span","SEA",26,0.115384615,0.192307692,0.6,0.142857142,0.307692307,0.238095238,0.545787545,0.095238096,0.1875,1.9795479603164166,-1.0598519615776572,0.2647315034499535,68.48464546027311,8347
2018,"Daniel Descalso","ARI",22,0.045454545,0.272727272,0.166666666,0.142857142,0.181818181,0.238095238,0.419913419,0.095238096,0.2,0.23882716784143845,-2.3329727660689312,0.1847095489501953,7.368784937174095,8392
2018,"Ehire Adrianza","MIN",32,0.03125,0.09375,0.333333333,0.322580645,0.34375,0.516129032,0.859879032,0.193548387,0.357142857,5.0631064367435705,1.3223065328739416,0.3653531800955534,130.20402219034472,8418
2018,"Gerardo Parra","COL",28,0.107142857,0.142857142,0.75,0.333333333,0.428571428,0.458333333,0.886904761,0.125,0.368421052,4.787434225941364,1.5142343100554383,0.3809917657463639,125.11305329138267,8553
2018,"Elvis Andrus","TEX",43,0.069767441,0.209302325,0.333333333,0.23076923,0.302325581,0.307692307,0.610017888,0.076923077,0.3,3.6200199173371153,-1.406679953487699,0.2745993650236795,62.97075479942827,8709
2018,"Justin Smoak","TOR",27,0.185185185,0.333333333,0.555555555,0.09090909,0.259259259,0.272727272,0.531986531,0.181818182,0.083333333,1.7114239207373434,-1.4448759981526562,0.2491019014958982,53.205859986408456,9054
2018,"Lorenzo Cain","MIL",40,0.075,0.2,0.375,0.277777777,0.325,0.305555555,0.630555555,0.027777778,0.344827586,3.2275097221857885,-1.4484901576512474,0.27031052876741457,64.8753436856498,9077
2018,"Khris Davis","OAK",46,0.108695652,0.260869565,0.416666666,0.219512195,0.304347826,0.609756097,0.914103923,0.390243902,0.166666666,7.576118243954009,2.1987183821414176,0.37329172955618967,140.03978183604121,9112
2018,"Tyler Flowers","ATL",28,0.071428571,0.357142857,0.2,0.166666666,0.25,0.375,0.625,0.208333334,0.214285714,2.2065964838288665,-1.0666034320570585,0.26800510925906046,63.21818818870265,9134
2018,"Paul Goldschmidt","ARI",36,0.055555555,0.361111111,0.153846153,0.147058823,0.194444444,0.176470588,0.370915032,0.029411765,0.238095238,-0.4565974059413618,-4.664997297794694,0.1558550681386675,-11.904716515782727,9218
2018,"Starling Marte","PIT",52,0.134615384,0.057692307,2.333333333,0.34090909,0.442307692,0.59090909,1.033216782,0.25,0.35,11.325860513906445,5.247060670118298,0.4383907593213595,180.3997050644674,9241
2018,"A.J. Pollock","ARI",40,0.05,0.3,0.166666666,0.216216216,0.275,0.594594594,0.869594594,0.378378378,0.19047619,6.1863308467430675,1.5103309669060319,0.36098461896181105,125.11264039520105,9256
2018,"Brock Holt","BOS",36,0.111111111,0.277777777,0.4,0.419354838,0.5,0.677419354,1.177419354,0.258064516,0.578947368,9.609772086447624,5.401372194594291,0.4986187931564119,218.57348716093585,9345
2018,"Evan Longoria","SFG",46,0,0.217391304,0,0.195652173,0.195652173,0.304347826,0.499999999,0.108695653,0.228571428,1.5647180728452894,-3.812681788967302,0.2130991868350817,30.919325364601196,9368
2018,"David Freese","LAD",24,0.125,0.291666666,0.428571428,0.38095238,0.458333333,0.571428571,1.029761904,0.190476191,0.538461538,5.310936764277977,2.505336836375755,0.44266152133544284,185.48002367917135,9549
2018,"Yan Gomes","CLE",31,0.032258064,0.258064516,0.125,0.344827586,0.387096774,0.689655172,1.076751946,0.344827586,0.421052631,7.068863429220721,3.444963522347018,0.4509220603973635,186.67616814421777,9627
2018,"Christian Vazquez","BOS",26,0.115384615,0.115384615,1,0.136363636,0.269230769,0.136363636,0.405594405,0,0.157894736,0.7920403080274789,-2.2473596138665943,0.2087444571348337,20.86119032759723,9774
2018,"Jason Kipnis","CLE",40,0.05,0.3,0.166666666,0.263157894,0.3,0.552631578,0.852631578,0.289473684,0.304347826,6.124627553956453,1.448627674119417,0.3590937003493309,124.04352453487179,9776
2018,"Nolan Arenado","COL",56,0.071428571,0.196428571,0.363636363,0.307692307,0.357142857,0.557692307,0.914835164,0.25,0.342105263,9.91744985272417,3.37105002095232,0.3884907120040485,130.1220136860326,9777
2018,"Kyle Seager","SEA",43,0.069767441,0.255813953,0.272727272,0.256410256,0.302325581,0.41025641,0.712581991,0.153846154,0.321428571,4.659230902284802,-0.3674689685400117,0.3042244606239851,95.42129455720188,9785
2018,"Brian Dozier","LAD",21,0.19047619,0.285714285,0.666666666,0.125,0.285714285,0.375,0.660714285,0.25,0.1,1.9878808524583613,-0.4670190844560827,0.2874391306014288,81.79841551285041,9810
2018,"Andrew McCutchen","NYY",53,0.188679245,0.150943396,1.25,0.285714285,0.433962264,0.428571428,0.862533692,0.142857143,0.333333333,9.221032989473773,3.0253331486897,0.3846716104813342,144.22318301689955,9847
2018,"Austin Jackson","NYM",34,0.029411764,0.558823529,0.052631578,0.151515151,0.176470588,0.212121212,0.3885918,0.060606061,0.357142857,-0.004086696573089077,-3.9786865944345697,0.17125504507738,5.844777906242344,9848
2018,"DJ LeMahieu","COL",59,0.050847457,0.13559322,0.375,0.254545454,0.288135593,0.272727272,0.560862865,0.018181818,0.291666666,3.7828116050041003,-3.1142882177555284,0.2499959852735875,37.613736226402075,9874
2018,"Jay Bruce","NYM",50,0.18,0.24,0.75,0.225,0.36,0.35,0.71,0.125,0.285714285,6.067977119471273,0.22297726967497777,0.3201665794849396,105.31101656472839,9892
2018,"Brett Gardner","NYY",30,0.1,0.2,0.5,0.222222222,0.3,0.407407407,0.707407407,0.185185185,0.285714285,3.237745924293401,-0.2692539855843761,0.30369816621144613,88.99426600123739,9927
2018,"Steve Pearce","BOS",29,0.172413793,0.068965517,2.5,0.166666666,0.310344827,0.333333333,0.64367816,0.166666667,0.142857142,2.866784342745846,-0.5233155701360055,0.2925797515902026,78.04206687555208,9957
2018,"Chris Owings","ARI",29,0.068965517,0.137931034,0.5,0.296296296,0.344827586,0.481481481,0.826309067,0.185185185,0.318181818,4.349292000383484,0.9591920875016324,0.35524451938168755,121.2785108428361,10030
2018,"Wil Myers","SDP",49,0.142857142,0.224489795,0.636363636,0.268292682,0.367346938,0.43902439,0.806371328,0.170731708,0.333333333,7.117804586040726,1.3897047332403556,0.34946570469408617,121.90048626278185,10047
2018,"Jonathan Villar","BAL",56,0.142857142,0.303571428,0.470588235,0.1875,0.303571428,0.229166666,0.532738094,0.041666666,0.29032258,3.7272939128120592,-2.819105918959792,0.25299110050712315,55.18270712797856,10071
2018,"Mike Trout","LAA",41,0.170731707,0.195121951,0.875,0.235294117,0.365853658,0.676470588,1.042324246,0.441176471,0.142857142,8.19514788564445,3.4022480088114877,0.4164200654396644,170.34780741962962,10155
2018,"Billy Hamilton","CIN",34,0.088235294,0.264705882,0.333333333,0.193548387,0.264705882,0.29032258,0.555028462,0.096774193,0.272727272,2.1084362068067164,-1.8661636910547645,0.24741856315556696,49.072420880921605,10199
2018,"Tucker Barnhart","CIN",31,0,0.322580645,0,0.258064516,0.258064516,0.419354838,0.677419354,0.161290322,0.35,2.91462182685111,-0.7092780800225931,0.28665346484030446,75.27957877666496,10200
2018,"Randal Grichuk","TOR",38,0.052631578,0.315789473,0.166666666,0.222222222,0.263157894,0.555555555,0.818713449,0.333333333,0.272727272,5.20005617909247,0.7578562932472852,0.33914713012544734,114.62229724529708,10243
2018,"Francisco Arcia","LAA",22,0,0.227272727,0,0.136363636,0.136363636,0.318181818,0.454545454,0.181818182,0.125,0.3155305029314148,-2.256269430978955,0.18898336724801498,15.221856634133024,10286
2018,"Marcell Ozuna","STL",47,0.127659574,0.191489361,0.666666666,0.268292682,0.361702127,0.365853658,0.727555785,0.097560976,0.322580645,5.934951744843068,0.4406518860345515,0.3261927125301767,105.55228287030181,10324
2018,"Scooter Gennett","CIN",40,0.075,0.175,0.428571428,0.189189189,0.25,0.351351351,0.601351351,0.162162162,0.206896551,2.9261902692720487,-1.7498096105649874,0.2610764905810356,58.195304976413,10339
2018,"Adeiny Hechavarria","NYY",21,0.047619047,0.333333333,0.142857142,0.15,0.19047619,0.3,0.49047619,0.15,0.166666666,0.717865552256696,-1.7370343846577478,0.21330569187800089,27.340985610165813,10459
2018,"Enrique Hernandez","LAD",39,0.102564102,0.102564102,1,0.457142857,0.512820512,0.657142857,1.169963369,0.2,0.5,10.225609005531396,5.666509122690285,0.4928047453102313,218.9734525315775,10472
2018,"Cesar Hernandez","PHI",58,0.137931034,0.224137931,0.615384615,0.208333333,0.327586206,0.333333333,0.660919539,0.125,0.235294117,6.031076259008854,-0.7491235667548484,0.2988674907848753,85.84529428954511,10556
2018,"Corey Dickerson","PIT",39,0.051282051,0.128205128,0.4,0.378378378,0.41025641,0.702702702,1.112959112,0.324324324,0.4,9.177925807808439,4.61882592496733,0.4598748872154637,194.75014071732787,10762
2018,"Jurickson Profar","TEX",47,0.063829787,0.319148936,0.2,0.204545454,0.255319148,0.386363636,0.641682784,0.181818182,0.259259259,4.05162455927398,-1.4426752995345375,0.27707338586766667,64.65819063866672,10815
2018,"Jedd Gyorko","STL",41,0.146341463,0.243902439,0.6,0.181818181,0.292682926,0.242424242,0.535107168,0.060606061,0.24,2.547167143241342,-2.24573273359162,0.24755732315342602,53.027363038747175,10816
2018,"Andrelton Simmons","LAA",37,0.054054054,0.162162162,0.333333333,0.257142857,0.297297297,0.371428571,0.668725868,0.114285714,0.310344827,3.5789692191364906,-0.7463306697127682,0.2899739967810141,84.1037369608126,10847
2018,"Evan Gattis","HOU",29,0.103448275,0.206896551,0.5,0.24,0.310344827,0.24,0.550344827,0,0.3,1.9375733276509375,-1.452526585230914,0.2533025227744004,59.821674529632176,11003
2018,"Kevin Kiermaier","TBR",27,0.148148148,0.296296296,0.5,0.09090909,0.259259259,0.136363636,0.395622895,0.045454546,0.142857142,0.7972128993212423,-2.359087019568757,0.20759625567330253,27.31991866882433,11038
2018,"Kole Calhoun","LAA",44,0.136363636,0.25,0.545454545,0.135135135,0.255813953,0.216216216,0.472030169,0.081081081,0.192307692,1.8930280300800026,-3.250571837740737,0.22414101556290028,39.201555889320936,11200
2018,"Adam Eaton","WSN",24,0.25,0.291666666,0.857142857,0.470588235,0.625,0.529411764,1.154411764,0.058823529,0.8,6.646756303393074,3.841156375490853,0.5108892694115639,225.07685897807912,11205
2018,"Whit Merrifield","KCR",61,0.081967213,0.180327868,0.454545454,0.321428571,0.37704918,0.464285714,0.841334894,0.142857143,0.4,9.538202650755718,2.407302834004239,0.3630754976976113,129.3387381905126,11281
2018,"Jake Marisnick","HOU",24,0.125,0.25,0.5,0.25,0.347826086,0.55,0.897826086,0.3,0.307692307,4.0364256802414875,1.2308257523392652,0.37756513771803485,144.57649397385458,11339
2018,"Jesus Aguilar","MIL",49,0.081632653,0.306122448,0.266666666,0.272727272,0.346938775,0.5,0.846938775,0.227272728,0.346153846,7.713718849673906,1.9856189968735374,0.36437345767507745,127.70516927887016,11342
2018,"Yasmani Grandal","LAD",39,0.153846153,0.205128205,0.75,0.333333333,0.435897435,0.606060606,1.041958041,0.272727273,0.416666666,8.523571235248431,3.9644713524073194,0.4393077890078227,183.23988062092613,11368
2018,"Gary Sanchez","NYY",40,0.2,0.3,0.666666666,0.161290322,0.35,0.387096774,0.737096774,0.225806452,0.176470588,5.260431795787358,0.5844319159503224,0.33261012434959414,108.71401673148853,11442
2018,"Mark Canha","OAK",23,0.130434782,0.217391304,0.6,0.388888888,0.52173913,0.666666666,1.188405796,0.277777778,0.5,6.208271799502137,3.519571868595842,0.5022799890974293,228.01778433342298,11445
2018,"Odubel Herrera","PHI",36,0.027777777,0.25,0.111111111,0.235294117,0.277777777,0.352941176,0.630718953,0.117647059,0.291666666,2.7491860205522145,-1.4592138713011182,0.2650132179260254,63.232155574771895,11476
2018,"Christian Yelich","MIL",54,0.259259259,0.129629629,2,0.461538461,0.611111111,1.153846153,1.764957264,0.692307692,0.461538461,22.088706930167675,15.776107092387674,0.672821654463714,333.73475642682655,11477
2018,"Manny Machado","LAD",51,0.058823529,0.098039215,0.6,0.3125,0.352941176,0.541666666,0.894607842,0.229166666,0.31707317,8.409574103330108,2.4476742565378866,0.37353123784065245,139.3040890614931,11493
2018,"Kaleb Cowart","LAA",41,0.024390243,0.365853658,0.066666666,0.153846153,0.170731707,0.333333333,0.50406504,0.17948718,0.208333333,1.2438399401674147,-3.549059936665547,0.20859058164968725,28.595194360622088,11494
2018,"Bryce Harper","WSN",56,0.214285714,0.214285714,1,0.255813953,0.410714285,0.395348837,0.806063122,0.139534884,0.34375,8.338562521107791,1.7921626893359406,0.3539296085184271,120.23483211787361,11579
2018,"Yolmer Sanchez","CHW",55,0.018181818,0.272727272,0.066666666,0.188679245,0.203703703,0.283018867,0.48672257,0.094339622,0.263157894,1.6875863391657477,-4.741913495610177,0.20901450294035454,27.07452705001478,11602
2018,"Willson Contreras","CHC",36,0.027777777,0.277777777,0.1,0.114285714,0.138888888,0.228571428,0.367460316,0.114285714,0.125,-0.362038218281473,-4.5704381101348055,0.15907484458552468,-7.938110364027376,11609
2018,"Rosell Herrera","KCR",26,0,0.115384615,0,0.269230769,0.269230769,0.423076923,0.692307692,0.153846154,0.304347826,2.5570403746431167,-0.482359547250957,0.291958354986631,80.83243086234137,11611
2018,"Elias Diaz","PIT",22,0.136363636,0.363636363,0.375,0.277777777,0.363636363,0.444444444,0.808080807,0.166666667,0.4,3.1380686831731,0.56626874926273,0.346251826394688,118.85502265498107,11680
2018,"Nicholas Castellanos","DET",55,0.072727272,0.163636363,0.444444444,0.367346938,0.4,0.653061224,1.053061224,0.285714286,0.4,11.7230816078041,5.2935817730281745,0.43268083117224954,177.92188901937968,11737
2018,"J.T. Realmuto","MIA",36,0.083333333,0.305555555,0.272727272,0.212121212,0.277777777,0.272727272,0.550505049,0.06060606,0.318181818,2.2762890057010123,-1.9321108861523202,0.2489108939965566,56.86024120651623,11739
2018,"Tyler Austin","MIN",42,0.071428571,0.261904761,0.272727272,0.263157894,0.309523809,0.421052631,0.73057644,0.157894737,0.333333333,4.829058366909274,-0.08074150691961336,0.3123434824602945,94.04811678060307,11850
2018,"Mason Williams","CIN",23,0.086956521,0.173913043,0.5,0.285714285,0.347826086,0.333333333,0.681159419,0.047619048,0.352941176,2.1864114340281553,-0.5022884968781405,0.2879299142143943,76.13218981572125,11859
2018,"Ronny Rodriguez","DET",33,0,0.09090909,0,0.25,0.25,0.375,0.625,0.125,0.25,2.583069240201816,-1.2746306606637388,0.26735274121165276,65.15786566428979,11875
2018,"Joc Pederson","LAD",28,0.107142857,0.357142857,0.3,0.28,0.357142857,0.88,1.237142857,0.6,0.272727272,7.289408229692448,4.016208313806524,0.49052584171295166,217.45124694831955,11899
2018,"Joe Panik","SFG",46,0.04347826,0.086956521,0.5,0.255813953,0.282608695,0.255813953,0.538422648,0,0.275,2.210920884837733,-3.1664789769748585,0.2303192800945706,42.421576769666004,11936
2018,"Travis Shaw","MIL",41,0.170731707,0.243902439,0.7,0.303030303,0.43902439,0.575757575,1.014781965,0.272727272,0.35,8.571219831201738,3.778319954368775,0.42766382545232773,169.9803016328603,11982
2018,"Nick Martini","OAK",41,0.121951219,0.243902439,0.5,0.333333333,0.414634146,0.5,0.914634146,0.166666667,0.44,7.498916319128115,2.7060164422951534,0.39560420629454823,155.258276458666,12005
2018,"Niko Goodrum","DET",34,0.029411764,0.147058823,0.2,0.363636363,0.382352941,0.454545454,0.836898395,0.090909091,0.428571428,5.28846676442044,1.3138668665589595,0.3620693034985486,129.7604425426587,12092
2018,"Max Kepler","MIN",43,0.116279069,0.093023255,1.25,0.162162162,0.279069767,0.27027027,0.549340037,0.108108108,0.15625,2.931723234436007,-2.094976636388807,0.25497788745303485,54.92121888491591,12144
2018,"Nick Ahmed","ARI",41,0.073170731,0.243902439,0.3,0.081081081,0.146341463,0.108108108,0.254449571,0.027027027,0.107142857,-1.5928787155465396,-6.385778592379502,0.12377866157671301,-33.330320134007394,12147
2018,"Ben Gamel","SEA",22,0.136363636,0.181818181,0.75,0.222222222,0.318181818,0.277777777,0.595959595,0.055555555,0.266666666,1.78135006830377,-0.7904498656065999,0.27065708420493384,72.52625948246575,12160
2018,"Xander Bogaerts","BOS",37,0.135135135,0.189189189,0.714285714,0.29032258,0.378378378,0.580645161,0.959023539,0.290322581,0.304347826,6.87491414541243,2.5496142565631716,0.3991689859209834,150.74254331813327,12161
2018,"Jorge Bonifacio","KCR",38,0.184210526,0.342105263,0.538461538,0.1,0.263157894,0.233333333,0.496491227,0.133333333,0.117647058,2.015845125584164,-2.4263547602610203,0.23643003325713308,42.958667427063126,12174
2018,"Scott Schebler","CIN",48,0.166666666,0.229166666,0.727272727,0.125,0.270833333,0.15,0.420833333,0.025,0.172413793,1.6758827639144451,-3.9353170918899982,0.2142007201910019,26.884388844460304,12225
2018,"Rougned Odor","TEX",46,0.086956521,0.195652173,0.444444444,0.195121951,0.282608695,0.195121951,0.477730646,0,0.25,1.7611430812133042,-3.6162567805992873,0.21833354499604968,24.593971730071445,12282
2018,"Kevan Smith","CHW",25,0.08,0.24,0.333333333,0.260869565,0.32,0.565217391,0.885217391,0.304347826,0.266666666,4.112797410882363,1.190297485984216,0.3730633282661438,138.9660124885827,12284
2018,"Cory Spangenberg","SDP",31,0.064516129,0.419354838,0.153846153,0.275862068,0.322580645,0.310344827,0.632925472,0.034482759,0.5,2.8304261289764607,-0.7934737778972425,0.283324166651695,77.72089981007633,12294
2018,"Kevin Pillar","TOR",34,0,0.264705882,0,0.34375,0.382352941,0.625,1.007352941,0.28125,0.428571428,7.091888736747041,3.117288838885561,0.42708869892008167,174.6039078705989,12434
2018,"Kolten Wong","STL",28,0.107142857,0.142857142,0.75,0.375,0.464285714,0.583333333,1.047619047,0.208333333,0.421052631,6.3566423221944355,3.08344240630851,0.44969022486891064,188.0430924968679,12532
2018,"Marcus Semien","OAK",48,0.0625,0.229166666,0.272727272,0.209302325,0.25,0.465116279,0.715116279,0.255813954,0.193548387,4.851008125304276,-0.760191730500168,0.2952863934139411,86.83529886728145,12533
2018,"C.J. Cron","TBR",49,0.122448979,0.183673469,0.666666666,0.268292682,0.367346938,0.585365853,0.952712791,0.317073171,0.266666666,8.747057682444119,3.0189578296437505,0.39022408922513324,151.88344137592333,12546
2018,"Eugenio Suarez","CIN",42,0.071428571,0.214285714,0.333333333,0.23076923,0.285714285,0.384615384,0.670329669,0.153846154,0.25,4.150761663585854,-0.7590382102430342,0.29254668667202904,79.21598713827245,12552
2018,"Trevor Story","COL",30,0.133333333,0.166666666,0.8,0.346153846,0.433333333,0.846153846,1.279487179,0.5,0.333333333,8.500409483916002,4.993409574038225,0.5187330106894176,217.11803864815997,12564
2018,"George Springer","HOU",38,0.105263157,0.157894736,0.666666666,0.212121212,0.297297297,0.424242424,0.721539721,0.212121212,0.2,4.392996354305446,-0.04920353153973817,0.3131127872982541,100.61598883671314,12856
2018,"Brian Goodwin","KCR",36,0.055555555,0.25,0.222222222,0.235294117,0.277777777,0.470588235,0.748366012,0.235294118,0.260869565,4.3097109945599605,0.10131110270662809,0.31814968917104935,98.69654711975791,12858
2018,"James McCann","DET",32,0.0625,0.25,0.25,0.233333333,0.28125,0.266666666,0.547916666,0.033333333,0.318181818,1.973091060687603,-1.7677088431820258,0.24698495119810104,51.265768142766944,12859
2018,"Anthony Rendon","WSN",53,0.075471698,0.094339622,0.8,0.391304347,0.452830188,0.782608695,1.235438883,0.391304348,0.368421052,14.456173642312846,8.260473801528775,0.5057528817428733,221.6459819561676,12861
2018,"Francisco Lindor","CLE",60,0.116666666,0.1,1.166666666,0.211538461,0.316666666,0.442307692,0.758974358,0.230769231,0.186046511,7.107177926169207,0.09317810641365315,0.31660365750049724,95.06267690452303,12916
2018,"Alen Hanson","SFG",22,0,0.272727272,0,0.181818181,0.181818181,0.227272727,0.409090908,0.045454546,0.25,0.09382714790537175,-2.4779727860049983,0.17663032087412747,6.559755505166155,12926
2018,"Brandon Nimmo","NYM",50,0.3,0.2,1.5,0.235294117,0.48,0.323529411,0.803529411,0.088235294,0.333333333,8.673811958788036,2.8288121089917406,0.3840519428253174,147.9835793187089,12927
2018,"Jose Osuna","PIT",28,0.035714285,0.178571428,0.2,0.307692307,0.357142857,0.576923076,0.934065933,0.269230769,0.35,5.1141194411819235,1.840919525295999,0.39529373816081453,151.61282425446765,12937
2018,"Socrates Brito","ARI",22,0.09090909,0.181818181,0.5,0.210526315,0.272727272,0.368421052,0.641148324,0.157894737,0.2,1.8580534033937468,-0.7137465305166228,0.27493090250275354,67.63261016906851,12944
2018,"Austin Hedges","SDP",31,0.064516129,0.354838709,0.181818181,0.103448275,0.161290322,0.275862068,0.43715239,0.172413793,0.117647058,0.48209894486610777,-3.1418009620075953,0.1904657233145929,15.695616656759912,12976
2018,"Javier Baez","CHC",55,0.072727272,0.327272727,0.222222222,0.25490196,0.309090909,0.490196078,0.799286987,0.235294118,0.333333333,7.6047543429769915,1.1752545082010661,0.34089351892471315,113.50862461416776,12979
2018,"Jackie Bradley Jr.","BOS",39,0.102564102,0.256410256,0.4,0.264705882,0.358974358,0.44117647,0.800150828,0.176470588,0.347826086,5.6810482667117235,1.1219483838706135,0.3499641036375975,117.18175823732471,12984
2018,"Teoscar Hernandez","TOR",29,0.206896551,0.275862068,0.75,0.173913043,0.344827586,0.434782608,0.779610194,0.260869565,0.153846153,4.068502958101421,0.6784030452195698,0.34337572393746213,117.5064607984529,13066
2018,"Mikie Mahtook","DET",34,0.058823529,0.176470588,0.333333333,0.129032258,0.176470588,0.29032258,0.466793168,0.161290322,0.12,0.7501242626035847,-3.224475635257896,0.19844687335631428,18.15978509616612,13130
2018,"Josh Bell","PIT",56,0.160714285,0.142857142,1.125,0.255319148,0.375,0.425531914,0.800531914,0.170212766,0.27027027,8.04166745427993,1.495267622508079,0.34743071469393644,119.64246726356198,13145
2018,"Jorge Polanco","MIN",61,0.114754098,0.245901639,0.466666666,0.301886792,0.393442622,0.471698113,0.865140735,0.169811321,0.405405405,10.184921256872629,3.054021440121149,0.37607150683637525,137.514586579116,13152
2018,"Blake Swihart","BOS",31,0.064516129,0.387096774,0.166666666,0.275862068,0.322580645,0.517241379,0.839822024,0.241379311,0.4,4.708848118321654,1.0849482114479512,0.35760144072194255,122.39089636717932,13176
2018,"Orlando Arcia","MIL",36,0.027777777,0.166666666,0.166666666,0.257142857,0.277777777,0.371428571,0.649206348,0.114285714,0.310344827,3.1862890436281623,-1.02211084822517,0.27989674276775783,71.2785054916372,13185
2018,"Mike Zunino","SEA",34,0.088235294,0.352941176,0.25,0.258064516,0.323529411,0.483870967,0.807400378,0.225806451,0.388888888,4.81266253620441,0.8380626383429294,0.3449149692759794,123.17474812372859,13265
2018,"Joey Rickard","BAL",21,0.047619047,0.333333333,0.142857142,0.3,0.333333333,0.45,0.783333333,0.15,0.461538461,2.8311775348732247,0.3762775979587806,0.33666411467960905,112.25289844625797,13277
2018,"Peter O'Brien","MIA",50,0.1,0.28,0.357142857,0.288888888,0.36,0.488888888,0.848888888,0.2,0.379310344,7.927188131648709,2.082188281852414,0.3657475078105927,134.90186880716712,13288
2018,"Max Muncy","LAD",36,0.138888888,0.222222222,0.625,0.333333333,0.444444444,0.633333333,1.077777777,0.3,0.4,8.289756791108413,4.0813568992550815,0.45367176830768585,192.83437576067405,13301
2018,"Omar Narvaez","CHW",35,0.142857142,0.228571428,0.625,0.3,0.4,0.5,0.9,0.2,0.35,6.2545689443475725,2.163069049490166,0.3904577153069632,150.8300645500679,13338
2018,"Stephen Piscotty","OAK",42,0.166666666,0.19047619,0.875,0.3125,0.452380952,0.65625,1.108630952,0.34375,0.318181818,9.832526124114436,4.922726250285549,0.45837490047727314,198.07178762015695,13367
2018,"Jose Ramirez","CLE",56,0.178571428,0.142857142,1.25,0.116279069,0.285714285,0.232558139,0.518272424,0.11627907,0.111111111,3.5089972425533333,-3.0374025892185172,0.2482126887355532,48.415789488564805,13510
2018,"Roman Quinn","PHI",48,0.145833333,0.375,0.388888888,0.1,0.234042553,0.15,0.384042553,0.05,0.181818181,0.8228373408460046,-4.788362514958439,0.19241582840046983,14.740349340550415,13546
2018,"Jose Peraza","CIN",48,0,0.125,0,0.222222222,0.25,0.377777777,0.627777777,0.155555555,0.210526315,3.8167970572086034,-1.7944027985958395,0.2688749320805073,63.40431478506696,13593
2018,"Mallex Smith","TBR",60,0.083333333,0.2,0.416666666,0.264150943,0.35,0.358490566,0.708490566,0.094339623,0.341463414,7.113014725223102,0.09901490546754799,0.316722904642423,101.75106945481247,13608
2018,"Mookie Betts","BOS",31,0.129032258,0.258064516,0.5,0.518518518,0.580645161,1.037037037,1.617682198,0.518518519,0.6875,12.278120308938458,8.654220402064755,0.6569084698154081,326.53687559600917,13611
2018,"Ketel Marte","ARI",40,0.125,0.15,0.833333333,0.371428571,0.45,0.714285714,1.164285714,0.342857143,0.384615384,10.234673376762164,5.558673496925129,0.48504746705293655,207.9810689959673,13613
2018,"Jeimer Candelario","DET",45,0.155555555,0.2,0.777777777,0.138888888,0.311111111,0.138888888,0.449999999,0,0.185185185,2.407872617037325,-2.8526272477793406,0.23699356979793973,44.45102561579574,13621
2018,"David Dahl","COL",51,0.078431372,0.215686274,0.363636363,0.276595744,0.333333333,0.702127659,1.035460992,0.425531915,0.233333333,10.433597110134336,4.471697263342115,0.4221797716617584,152.62479737854716,13744
2018,"Chris Taylor","LAD",39,0.128205128,0.307692307,0.416666666,0.323529411,0.41025641,0.470588235,0.880844645,0.147058824,0.476190476,6.791063553298514,2.2319636704574046,0.38485312920350295,146.86660564453067,13757
2018,"Adalberto Mondesi","KCR",60,0.05,0.3,0.166666666,0.218181818,0.254237288,0.563636363,0.817873651,0.345454545,0.212121212,8.047984394686038,1.033984574930484,0.33582454919815063,110.75189917377976,13769
2018,"Kevin Plawecki","NYM",29,0.068965517,0.275862068,0.25,0.111111111,0.172413793,0.259259259,0.431673052,0.148148148,0.111111111,0.04046905589648221,-3.3496308569853688,0.17311298847198486,7.085800919247726,13807
2018,"Matt Duffy","TBR",34,0.147058823,0.147058823,1,0.25,0.363636363,0.285714285,0.649350648,0.035714285,0.304347826,3.6274770540329015,-0.3471228438285793,0.3021850676247568,91.8353618858004,13836
2018,"Joey Wendle","TBR",57,0.122807017,0.087719298,1.4,0.375,0.45614035,0.5625,1.01864035,0.1875,0.409090909,11.736481288409825,5.073181459642049,0.42380133325403385,174.7852067733032,13853
2018,"Albert Almora Jr.","CHC",27,0,0.074074074,0,0.307692307,0.296296296,0.307692307,0.603988603,0,0.32,1.9647205438302513,-1.1915793750597479,0.26060169714468495,59.877282090767615,14109
2018,"Joey Gallo","TEX",32,0.125,0.375,0.333333333,0.142857142,0.25,0.464285714,0.714285714,0.321428572,0.076923076,3.4632163865815095,-0.27758351728811925,0.30406670458614826,83.0693101473219,14128
2018,"Yasiel Puig","LAD",33,0.06060606,0.181818181,0.333333333,0.225806451,0.272727272,0.419354838,0.69208211,0.193548387,0.217391304,3.411685601940673,-0.4460142989248819,0.2981324177799803,88.94105264151287,14225
2018,"Mitch Haniger","SEA",49,0.122448979,0.163265306,0.75,0.333333333,0.408163265,0.5,0.908163265,0.166666667,0.382352941,8.70781986484759,2.979720012047219,0.3892424921600186,153.4088712359015,14274
2018,"Wilmer Difo","WSN",35,0.142857142,0.114285714,1.25,0.133333333,0.257142857,0.133333333,0.39047619,0,0.153846153,-0.06019116113328525,-4.151691055990692,0.1692942940827572,-3.09329235218523,14320
2018,"Matt Olson","OAK",50,0.2,0.3,0.666666666,0.25,0.4,0.425,0.825,0.175,0.347826086,7.987203374473401,2.1422035246771056,0.3672188580036163,135.89770634390885,14344
2018,"Lewis Brinson","MIA",43,0.046511627,0.348837209,0.133333333,0.195121951,0.232558139,0.219512195,0.452070334,0.024390244,0.307692307,1.1524969852688252,-3.874202885555989,0.20425695735354757,27.033410552698356,14352
2018,"Ronald Guzman","TEX",33,0.03030303,0.303030303,0.1,0.225806451,0.272727272,0.354838709,0.627565981,0.129032258,0.3,2.797474599974393,-1.0602253008911615,0.27531701506990375,63.460236693234094,14388
2018,"Jake Cave","MIN",53,0.075471698,0.339622641,0.222222222,0.276595744,0.339622641,0.468085106,0.807707747,0.191489362,0.392857142,7.532705818978296,1.3370059781942227,0.34562303210204504,116.74683612069607,14477
2018,"Renato Nunez","BAL",40,0.075,0.2,0.375,0.361111111,0.4,0.666666666,1.066666666,0.305555555,0.384615384,8.839658113028914,4.163658233191879,0.4422967448830605,184.30091147393216,14503
2018,"Nomar Mazara","TEX",44,0.045454545,0.363636363,0.125,0.166666666,0.204545454,0.238095238,0.442640692,0.071428572,0.269230769,0.8951619558796097,-4.24843791194113,0.19634106213396246,9.593732800994875,14553
2018,"Franmil Reyes","SDP",54,0.129629629,0.222222222,0.583333333,0.29787234,0.388888888,0.404255319,0.793144207,0.106382979,0.382352941,7.971190322869231,1.6585904850892315,0.3523504336675008,123.82735607630076,14566
2018,"David Bote","CHC",31,0.096774193,0.29032258,0.333333333,0.296296296,0.387096774,0.37037037,0.757467144,0.074074074,0.444444444,4.250441365966209,0.6265414590925051,0.33947494722181754,112.56108222186249,14593
2018,"Tzu-Wei Lin","BOS",20,0.15,0.15,1,0.352941176,0.45,0.823529411,1.273529411,0.470588235,0.384615384,5.605231241371197,3.2672313014526786,0.5149508595466614,229.71297057422575,14678
2018,"Manuel Margot","SDP",41,0.073170731,0.121951219,0.6,0.189189189,0.243902439,0.378378378,0.622280817,0.189189189,0.1875,3.0563628240973983,-1.7365370527355637,0.26278120279312134,63.99911959984023,14712
2018,"Dawel Lugo","DET",39,0.076923076,0.282051282,0.272727272,0.166666666,0.23076923,0.305555555,0.536324785,0.138888889,0.208333333,2.048510038817977,-2.510589844023133,0.23578935250257835,43.6296746448198,14713
2018,"Brett Phillips","KCR",21,0.095238095,0.38095238,0.25,0.105263157,0.19047619,0.105263157,0.295739347,0,0.181818181,-0.3763454419296548,-2.8312453788440988,0.14943431672595797,-16.37781322212515,14735
2018,"Phillip Ervin","CIN",31,0.032258064,0.387096774,0.083333333,0.2,0.225806451,0.233333333,0.459139784,0.033333333,0.333333333,0.42389709799539144,-3.2000028088783115,0.18816428383191428,9.493214930278787,14738
2018,"Luke Voit","NYY",47,0.085106382,0.255319148,0.333333333,0.418604651,0.468085106,0.976744186,1.444829292,0.558139535,0.458333333,16.067755949038574,10.573456090230057,0.5904678334581092,284.588985946536,14811
2018,"JaCoby Jones","DET",42,0.119047619,0.309523809,0.384615384,0.194444444,0.309523809,0.194444444,0.503968253,0,0.304347826,2.549847288602447,-2.359952585226441,0.24582233315422422,50.472790444397475,14818
2018,"Tony Kemp","HOU",28,0.035714285,0.285714285,0.125,0.076923076,0.142857142,0.115384615,0.258241757,0.038461539,0.111111111,-1.0301374497194584,-4.303337365605384,0.1263039324964796,-26.79924998220425,14894
2018,"Daniel Palka","CHW",48,0.104166666,0.416666666,0.25,0.209302325,0.291666666,0.441860465,0.733527131,0.23255814,0.3,5.676023386120052,0.06482353031560861,0.3163554569085439,100.28772296313134,14897
2018,"Andrew Knapp","PHI",23,0.04347826,0.52173913,0.083333333,0.095238095,0.136363636,0.095238095,0.231601731,0,0.222222222,-1.1277114430095188,-3.8164113739158148,0.11129959334026683,-39.44166434747998,14942
2018,"Johan Camargo","ATL",50,0.08,0.3,0.266666666,0.244444444,0.3,0.355555555,0.655555555,0.111111111,0.333333333,4.354871414908046,-1.4901284348882489,0.2781676090493494,70.00628310377579,14950
2018,"Adam Engel","CHW",29,0.068965517,0.344827586,0.2,0.192307692,0.275862068,0.192307692,0.46816976,0,0.3125,1.245065661260879,-2.145034251620972,0.2240306118438984,37.31644574335574,15082
2018,"Jonathan Davis","TOR",21,0.047619047,0.095238095,0.5,0.210526315,0.285714285,0.263157894,0.548872179,0.052631579,0.235294117,1.38366983006977,-1.071230106844674,0.25217007455371676,55.29854452919709,15104
2018,"Hunter Dozier","KCR",47,0.042553191,0.127659574,0.333333333,0.222222222,0.255319148,0.422222222,0.67754137,0.2,0.216216216,4.506624578237557,-0.9876752805709608,0.28894030667365866,78.77393450802005,15117
2018,"Trey Mancini","BAL",55,0.036363636,0.236363636,0.153846153,0.264150943,0.29090909,0.433962264,0.724871354,0.169811321,0.333333333,5.842369385831592,-0.5871304489443325,0.30161432425181073,88.346764967469,15149
2018,"Tim Anderson","CHW",38,0.052631578,0.263157894,0.2,0.138888888,0.184210526,0.25,0.434210526,0.111111112,0.16,0.6383222042132743,-3.80387768163191,0.1919935455447749,15.465177194593501,15172
2018,"Ryan Cordell","CHW",23,0,0.347826086,0,0.142857142,0.173913043,0.19047619,0.364389233,0.047619048,0.214285714,-0.1760003069941895,-2.864700237900485,0.16202222782632578,-4.977122550062769,15181
2018,"Chad Pinder","OAK",21,0.095238095,0.285714285,0.333333333,0.315789473,0.38095238,0.684210526,1.065162906,0.368421053,0.363636363,4.672107125451576,2.217207188537132,0.4441230098406474,188.35111323877584,15191
2018,"Jake Bauers","TBR",42,0.071428571,0.309523809,0.23076923,0.216216216,0.285714285,0.324324324,0.610038609,0.108108108,0.32,3.3423397257826855,-1.5674601480462025,0.2689520503793444,69.1683805294263,15194
2018,"Adam Frazier","PIT",41,0.097560975,0.146341463,0.666666666,0.27027027,0.341463414,0.54054054,0.882003954,0.27027027,0.275862068,6.506622344274205,1.7137224674412428,0.365936703979969,132.00363964862376,15223
2018,"Austin Wynns","BAL",25,0.08,0.16,0.5,0.304347826,0.36,0.434782608,0.794782608,0.130434782,0.333333333,3.5910940364065,0.6685941115083525,0.34748288154602053,119.63196923748318,15271
2018,"Jeff McNeil","NYM",57,0.070175438,0.122807017,0.571428571,0.333333333,0.381818181,0.431372549,0.81319073,0.098039216,0.386363636,8.526321081206994,1.8630212524392173,0.35476521903818303,128.42135890827717,15362
2018,"Kris Bryant","CHC",41,0.073170731,0.341463414,0.214285714,0.222222222,0.31707317,0.444444444,0.761517614,0.222222222,0.3,5.048551919438573,0.2556520426056112,0.32234346568584443,101.11801948122331,15429
2018,"Ryon Healy","SEA",35,0.114285714,0.257142857,0.444444444,0.096774193,0.2,0.129032258,0.329032258,0.032258065,0.136363636,-0.19140650355992261,-4.282906398417329,0.16469870635441372,0.2560663322807665,15447
2018,"Hunter Renfroe","SDP",52,0.096153846,0.153846153,0.625,0.212765957,0.288461538,0.425531914,0.713993452,0.212765957,0.194444444,5.517649748720759,-0.5611500950673879,0.3014718247394936,89.84272299613798,15464
2018,"Amed Rosario","NYM",59,0.050847457,0.254237288,0.2,0.236363636,0.27118644,0.254545454,0.525731894,0.018181818,0.31707317,3.0653039653575456,-3.8317958574020827,0.23508868480132797,48.482791599959924,15518
2018,"Tyler White","HOU",38,0.026315789,0.263157894,0.1,0.166666666,0.210526315,0.194444444,0.404970759,0.027777778,0.23076923,0.4416188224437282,-4.000581063401456,0.1856482374040704,13.677250932952106,15564
2018,"Willians Astudillo","MIN",40,0.025,0.025,1,0.394736842,0.4,0.5,0.9,0.105263158,0.394736842,6.932025166938274,2.256025287101238,0.3838366776704788,142.8109152641072,15608
2018,"Aaron Judge","NYY",51,0.156862745,0.294117647,0.533333333,0.219512195,0.333333333,0.341463414,0.674796747,0.121951219,0.296296296,5.36564205069617,-0.5962577960960509,0.30036861522524966,86.72330548110494,15640
2018,"Dominic Smith","NYM",38,0.026315789,0.315789473,0.083333333,0.27027027,0.289473684,0.432432432,0.721906116,0.162162162,0.375,4.263352801212887,-0.17884708463229718,0.3089307123108914,97.80596028876413,15653
2018,"Billy McKinney","TOR",39,0.076923076,0.282051282,0.272727272,0.166666666,0.23076923,0.361111111,0.591880341,0.194444445,0.173913043,2.7177210500229223,-1.841378832818188,0.25682340524135494,58.472405005446745,15654
2018,"Austin Meadows","TBR",26,0.076923076,0.192307692,0.4,0.25,0.307692307,0.416666666,0.724358973,0.166666666,0.277777777,3.033758987567464,-0.005640934326609667,0.31443405609864455,100.18993262253912,15672
2018,"Rowdy Tellez","TOR",45,0.022222222,0.311111111,0.071428571,0.255813953,0.266666666,0.511627906,0.778294572,0.255813953,0.296296296,5.580490410258692,0.31999054544202654,0.32341664764616224,103.89313141447123,15679
2018,"Miguel Andujar","NYY",51,0.019607843,0.078431372,0.25,0.285714285,0.294117647,0.612244897,0.906362544,0.326530612,0.255813953,8.39404885459364,2.4321490078014203,0.373158079736373,136.37024011933275,15878
2018,"Aledmys Diaz","TOR",38,0.131578947,0.131578947,1,0.333333333,0.421052631,0.515151515,0.936204146,0.181818182,0.37037037,7.230891001390639,2.788691115545455,0.40465832070300456,159.30499711842842,15937
2018,"Willy Adames","TBR",52,0.134615384,0.25,0.538461538,0.333333333,0.423076923,0.4,0.823076923,0.066666667,0.451612903,8.101470070771239,2.022670226983092,0.36238110299203913,132.8927958624334,15986
2018,"Cody Bellinger","LAD",35,0.114285714,0.142857142,0.8,0.258064516,0.342857142,0.387096774,0.729953916,0.129032258,0.28,3.7014963431138117,-0.39000355174359463,0.30104081558458734,90.88373217468525,15998
2018,"Steve Wilkerson","BAL",31,0.064516129,0.419354838,0.153846153,0.137931034,0.193548387,0.206896551,0.400444938,0.068965517,0.25,0.26039558984006494,-3.363504317033638,0.18169904524280178,6.557098577282189,16041
2018,"Trea Turner","WSN",58,0.137931034,0.155172413,0.888888888,0.326530612,0.431034482,0.571428571,1.002463053,0.244897959,0.368421052,12.106122177604934,5.325922351841233,0.42726188384253405,169.21750916687955,16252
2018,"Yairo Munoz","STL",31,0.129032258,0.193548387,0.666666666,0.269230769,0.387096774,0.269230769,0.656327543,0,0.35,3.2061865237792992,-0.4177133830944041,0.2981826265652974,86.84279937386454,16313
2018,"Pablo Reyes","PIT",44,0.045454545,0.159090909,0.285714285,0.261904761,0.295454545,0.428571428,0.724025973,0.166666667,0.272727272,5.043614464911378,-0.09998540290936257,0.31191447377204895,95.91920828403858,16357
2018,"Michael Conforto","NYM",60,0.183333333,0.216666666,0.846153846,0.285714285,0.416666666,0.591836734,1.0085034,0.306122449,0.333333333,12.211523523272973,5.197523703517419,0.4208866074933844,172.58748633877696,16376
2018,"Francisco Mejia","SDP",28,0.035714285,0.428571428,0.083333333,0.111111111,0.142857142,0.148148148,0.29100529,0.037037037,0.2,-0.9001374234622,-4.173337339348126,0.13199521175452641,-23.360067514755116,16403
2018,"Richard Urena","TOR",37,0.081081081,0.297297297,0.272727272,0.352941176,0.405405405,0.352941176,0.758346581,0,0.52173913,5.123999736391837,0.7986998475425778,0.34116101426047246,115.99589127696187,16411
2018,"Jordan Luplow","PIT",24,0.083333333,0.125,0.666666666,0.09090909,0.166666666,0.181818181,0.348484847,0.090909091,0.105263157,-0.22582772493909098,-3.0314276528413124,0.1598681037624677,-5.640960219347247,16424
2018,"Ryan O'Hearn","KCR",35,0.028571428,0.228571428,0.125,0.235294117,0.257142857,0.5,0.757142857,0.264705883,0.25,4.187030802519284,0.09553090766187697,0.3180458102907453,98.62569527306023,16442
2018,"Rhys Hoskins","PHI",59,0.118644067,0.20338983,0.583333333,0.176470588,0.288135593,0.431372549,0.719508142,0.254901961,0.166666666,6.750444623059078,-0.14665519970054994,0.31165302506947923,94.38545882138081,16472
2018,"Kyle Schwarber","CHC",30,0.166666666,0.3,0.555555555,0.24,0.366666666,0.44,0.806666666,0.2,0.333333333,4.461972212846471,0.9549723029686948,0.35372061332066856,122.07654943986385,16478
2018,"Matt Chapman","OAK",47,0.063829787,0.212765957,0.3,0.227272727,0.276595744,0.34090909,0.617504834,0.113636363,0.272727272,3.829921204247938,-1.6643786545605797,0.2712911088415917,70.4690248083885,16505
2018,"Isiah Kiner-Falefa","TEX",24,0.083333333,0.041666666,2,0.238095238,0.333333333,0.238095238,0.571428571,0,0.25,1.9442028044723934,-0.8613971234298285,0.27070365597804386,60.313639327330385,16512
2018,"Danny Jansen","TOR",20,0.1,0.2,0.5,0.235294117,0.35,0.588235294,0.938235294,0.352941177,0.181818181,3.664426868740245,1.326426928821727,0.39599762558937074,153.39786526746542,16535
2018,"Ozzie Albies","ATL",51,0.117647058,0.215686274,0.545454545,0.133333333,0.235294117,0.288888888,0.524183005,0.155555555,0.125,2.7273148267136853,-3.2345850200785358,0.23695493328805065,42.4780606639428,16556
2018,"Yandy Diaz","CLE",29,0.206896551,0.103448275,2,0.391304347,0.517241379,0.478260869,0.995502248,0.086956522,0.45,6.167615387055219,2.7775154741733674,0.4321040298257555,173.84110279398394,16578
2018,"Greg Allen","CLE",22,0.045454545,0.136363636,0.333333333,0.45,0.5,0.65,1.15,0.2,0.529411764,5.70138062202753,3.1295806881171613,0.48907650871710345,212.69987108818293,16623
2018,"Colin Moran","PIT",30,0.1,0.166666666,0.6,0.291666666,0.366666666,0.625,0.991666666,0.333333334,0.263157894,5.581183180289319,2.0741832704115417,0.39945208628972373,154.39041464772166,16909
2018,"Aramis Garcia","SFG",46,0.04347826,0.478260869,0.09090909,0.25,0.282608695,0.409090909,0.691699604,0.159090909,0.45,4.763959607626772,-0.61344025418582,0.29835297491239465,87.86503924213892,16925
2018,"Gleyber Torres","NYY",46,0.065217391,0.304347826,0.214285714,0.195121951,0.260869565,0.341463414,0.602332979,0.146341463,0.259259259,3.4222409864362495,-1.9551588753763425,0.26259868948355963,60.96187081219281,16997
2018,"Magneuris Sierra","MIA",35,0.085714285,0.2,0.428571428,0.25,0.314285714,0.28125,0.595535714,0.03125,0.32,2.833624054540047,-1.2578758403173596,0.27064510754176546,71.37772287872507,17023
2018,"Grayson Greiner","DET",21,0.238095238,0.285714285,0.833333333,0.133333333,0.333333333,0.133333333,0.466666666,0,0.2,1.3111774784687433,-1.1437224584457006,0.24793854497727894,51.916178313307924,17062
2018,"Ramon Laureano","OAK",47,0.085106382,0.276595744,0.307692307,0.309523809,0.361702127,0.38095238,0.742654507,0.071428571,0.433333333,5.905740788097623,0.41144092928910664,0.32543085737431304,107.39569510039702,17128
2018,"Yoan Moncada","CHW",49,0.122448979,0.326530612,0.375,0.348837209,0.428571428,0.488372093,0.916943521,0.139534884,0.555555555,9.086116548721188,3.3580166959208184,0.39870619165654086,156.45603760733462,17232
2018,"Rafael Devers","BOS",42,0.095238095,0.214285714,0.444444444,0.263157894,0.333333333,0.631578947,0.96491228,0.368421053,0.24,7.669116778659046,2.759316904830159,0.3952335453614956,148.05832848647086,17350
2018,"Taylor Ward","LAA",40,0.05,0.225,0.222222222,0.162162162,0.225,0.405405405,0.630405405,0.243243243,0.12,3.24210456985989,-1.4338953099771463,0.27075779289007185,70.99709268233079,17548
2018,"J.T. Riddle","MIA",33,0.03030303,0.272727272,0.111111111,0.1875,0.212121212,0.1875,0.399621212,0,0.260869565,0.2532483328161263,-3.6044515680494285,0.18080951408906418,11.371568124204654,17642
2018,"Alex Bregman","HOU",47,0.127659574,0.212765957,0.6,0.175,0.29787234,0.275,0.57287234,0.1,0.206896551,3.6524287996461484,-1.8418710591623688,0.2666619039596395,68.93360204504042,17678
2018,"Kevin Kramer","PIT",25,0.04,0.52,0.076923076,0.086956521,0.12,0.086956521,0.206956521,0,0.181818181,-1.498162796631667,-4.420662721529815,0.09794364213943481,-47.0037284098694,17689
2018,"Kevin Newman","PIT",39,0.025641025,0.23076923,0.111111111,0.236842105,0.256410256,0.236842105,0.493252361,0,0.310344827,1.5668066799019695,-2.9922932029391407,0.22064887560330904,34.95787439625525,17696
2018,"Christin Stewart","DET",43,0.139534883,0.139534883,1,0.257142857,0.372093023,0.485714285,0.857807308,0.228571428,0.25,6.855964771648719,1.829264900823905,0.3668474042138388,133.0194039253274,17714
2018,"Chris Shaw","SFG",33,0.151515151,0.303030303,0.5,0.25,0.363636363,0.321428571,0.685064934,0.071428571,0.388888888,3.820786571893519,-0.03691332897203582,0.31332882967862213,97.8682398015765,17738
2018,"D.J. Stewart","BAL",33,0.09090909,0.303030303,0.3,0.37037037,0.454545454,0.814814814,1.269360268,0.444444444,0.466666666,9.140942440813784,5.28324253994823,0.5109506538420012,231.12714042939467,17766
2018,"Andrew Benintendi","BOS",40,0.1,0.1,1,0.342857142,0.41025641,0.428571428,0.838827838,0.085714286,0.387096774,6.468566746245634,1.7925668664085976,0.36963383509562564,130.5977364782278,17901
2018,"Ian Happ","CHC",24,0.166666666,0.375,0.444444444,0.3,0.416666666,0.4,0.816666666,0.1,0.545454545,3.7992181498948923,0.9936182219926708,0.36544962724049884,129.91100566529994,17919
2018,"Cedric Mullins II","BAL",59,0.06779661,0.20338983,0.333333333,0.148148148,0.220338983,0.203703703,0.424042686,0.055555555,0.170731707,1.2669919958696474,-5.630107826889981,0.19772604865542912,17.488510097032687,17929
2018,"Scott Kingery","PHI",36,0.027777777,0.361111111,0.076923076,0.205882352,0.25,0.382352941,0.632352941,0.176470589,0.3,2.9779923529471257,-1.2304075389062068,0.2728041609128316,68.43615671265141,17975
2018,"Paul DeJong","STL",54,0.037037037,0.277777777,0.133333333,0.3,0.333333333,0.54,0.873333333,0.24,0.382352941,8.602878447712964,2.2902786099329657,0.36668991490646646,132.60260111856076,18015
2018,"Harrison Bader","STL",45,0.066666666,0.222222222,0.3,0.256410256,0.34090909,0.487179487,0.828088577,0.230769231,0.296296296,6.815075861327579,1.5545759965109134,0.357047132470391,126.16165412990462,18030
2018,"Austin Dean","MIA",35,0.114285714,0.171428571,0.666666666,0.233333333,0.342857142,0.333333333,0.676190475,0.1,0.260869565,3.905342643638365,-0.18615725121904148,0.30818017550877164,96.44946794751537,18288
2018,"Brian Anderson","MIA",44,0.09090909,0.25,0.363636363,0.315789473,0.409090909,0.47368421,0.882775119,0.157894737,0.423076923,7.721941655829166,2.5783417880084265,0.3865310712294145,148.78435875272345,18289
2018,"Dansby Swanson","ATL",21,0.19047619,0.238095238,0.8,0.117647058,0.285714285,0.176470588,0.462184873,0.05882353,0.166666666,1.048669857785765,-1.406230079128679,0.2326154283114842,39.57946560630612,18314
2018,"Victor Robles","WSN",42,0.047619047,0.214285714,0.222222222,0.358974358,0.404761904,0.717948717,1.122710621,0.358974359,0.407407407,10.172510891014651,5.262711017185763,0.46829771002133685,196.6276040026342,18363
2018,"Ronald Acuna Jr.","ATL",55,0.054545454,0.309090909,0.176470588,0.3,0.345454545,0.38,0.725454545,0.08,0.424242424,6.586347567281759,0.15684773250583445,0.3181957548314875,96.74329254540773,18401
2018,"Guillermo Heredia","SEA",27,0.185185185,0,5,0.454545454,0.555555555,0.772727272,1.328282827,0.318181818,0.428571428,8.351485096259237,5.195185177369238,0.5505640595047562,263.44019738306304,18721
2018,"Brandon Lowe","TBR",43,0.046511627,0.255813953,0.181818181,0.2,0.232558139,0.325,0.557558139,0.125,0.24137931,2.3917079993912425,-2.6349918714335714,0.23958351307137069,49.13721445419692,18882
2018,"Yuli Gurriel","HOU",45,0,0.111111111,0,0.422222222,0.422222222,0.688888888,1.11111111,0.266666666,0.432432432,11.058043906748145,5.797544041931479,0.47262687815560234,209.41450378472317,19198
2018,"Lourdes Gurriel Jr.","TOR",30,0,0.266666666,0,0.310344827,0.310344827,0.620689655,0.931034482,0.310344828,0.333333333,5.4002134243551625,1.8932135144773856,0.3920575791391833,150.71050893234437,19238
2018,"Jose Fernandez","LAA",29,0.137931034,0.103448275,1.333333333,0.25,0.379310344,0.375,0.754310344,0.125,0.285714285,3.9875886395224946,0.5974887266406437,0.33995552104094934,118.19424009499629,19254
2018,"Garrett Hampson","COL",20,0.1,0.3,0.333333333,0.294117647,0.4,0.411764705,0.811764705,0.117647058,0.454545454,3.1035125579412473,0.7655126180227292,0.3616188019514084,112.17278074622627,19262
2018,"Shohei Ohtani","LAA",47,0.063829787,0.234042553,0.272727272,0.255813953,0.29787234,0.418604651,0.716476991,0.162790698,0.29032258,5.186639819117267,-0.30766003969125044,0.3066758817814766,95.49545963005198,19755
2018,"Juan Soto","WSN",49,0.102040816,0.142857142,0.714285714,0.181818181,0.265306122,0.386363636,0.651669758,0.204545455,0.171428571,4.141313757871239,-1.5867860949291301,0.2750040031969547,67.51606102734809,20123