Season,Name,Tm,IP,TBF,K/9,BB/9,K/BB,HR/9,K%,BB%,K-BB%,AVG,WHIP,BABIP,LOB%,FIP,xFIP,playerId
2018,"Bartolo Colon","TEX",144.1,616,5.0508,1.5589,3.24,1.8707,0.1315,0.0406,0.0909,0.2806,1.3164,0.283,0.6689,5.3227157337551265,4.646058804826056,375
2018,"CC Sabathia","NYY",142,621,8.2394,3.0423,2.7083,1.2042,0.2093,0.0773,0.132,0.2535,1.3451,0.2988,0.7497,4.273728473755127,4.313848967136632,404
2018,"Fernando Rodney","2 Tms",60,262,10.05,3.9,2.5769,1.05,0.2557,0.0992,0.1565,0.2489,1.4,0.3208,0.8161,3.894385750755127,3.809118836124738,494
2018,"Marco Estrada","TOR",133,580,6.5639,3.2481,2.0208,1.7594,0.1672,0.0828,0.0845,0.2698,1.4361,0.2875,0.6833,5.371578732755127,5.785747104614301,1118
2018,"Tommy Hunter","PHI",59,245,6.7119,1.8305,3.6667,0.7627,0.1796,0.049,0.1306,0.2522,1.1864,0.2928,0.7424,3.533933772755127,3.9438865753553682,1157
2018,"Adam Ottavino","COL",71,280,13.1831,4.0563,3.25,0.3803,0.3714,0.1143,0.2571,0.1523,0.9718,0.25,0.7593,2.344151009755127,2.957964458683847,1247
2018,"Edwin Jackson","OAK",82.1,336,6.4494,3.17,2.0345,1.2024,0.1756,0.0863,0.0893,0.219,1.166,0.2373,0.7966,4.557814116755127,4.7668020296074625,1841
2018,"Matt Moore","TEX",96,445,7.5938,3.6563,2.0769,1.6875,0.182,0.0876,0.0944,0.3042,1.6771,0.3444,0.6108,5.286052417755128,5.102318853729716,1890
2018,"Zack Greinke","ARI",188,758,8.8564,1.7713,5,1.2926,0.2441,0.0488,0.1953,0.2252,1.0532,0.2664,0.8183,3.7461587997551273,3.390189635182949,1943
2018,"Ivan Nova","PIT",152.2,644,6.4258,1.8275,3.5161,1.4738,0.1693,0.0481,0.1211,0.2627,1.2511,0.2842,0.75,4.549698402755127,4.238375347273846,1994
2018,"Clayton Kershaw","LAD",143.1,574,8.9163,1.4442,6.1739,0.9419,0.2474,0.0401,0.2073,0.2222,1.0116,0.273,0.8095,3.063377976755127,3.0395687944922756,2036
2018,"Jorge De La Rosa","2 Tms",52,225,7.0962,4.1538,1.7083,1.0385,0.1822,0.1067,0.0756,0.245,1.4038,0.281,0.7774,4.526437032755127,4.455719329588689,2047
2018,"Hector Rondon","HOU",55.2,232,10.3473,2.9102,3.5556,0.485,0.2759,0.0776,0.1983,0.2383,1.2395,0.3265,0.8179,2.5323102797551273,3.3448673376993288,2391
2018,"Corey Kluber","CLE",195,758,8.9538,1.3385,6.6897,1.0615,0.2559,0.0383,0.2177,0.2204,0.9692,0.2692,0.7697,3.196949852755127,3.171244661166118,2429
2018,"Lance Lynn","2 Tms",143.2,647,9.1462,4.5104,2.0278,0.877,0.2257,0.1113,0.1144,0.2654,1.5522,0.335,0.6972,4.0241618667551275,4.067902870021285,2520
2018,"Jhoulys Chacin","MIL",173,723,7.5434,3.2775,2.3016,0.7803,0.2006,0.0871,0.1134,0.2219,1.1965,0.2638,0.7208,3.8951564637551273,4.371869391650823,2608
2018,"Rick Porcello","BOS",184.1,778,9.1302,2.1971,4.1556,1.3183,0.2404,0.0578,0.1825,0.2357,1.1609,0.2823,0.7128,4.029045340755127,3.8362341876289774,2717
2018,"Kenley Jansen","LAD",65.1,265,10.0561,2.3418,4.2941,1.3776,0.2755,0.0642,0.2113,0.1984,1.0102,0.2378,0.7925,3.742685366755127,3.5983164494613336,3096
2018,"Tony Watson","SFG",62.1,249,9.385,2.0214,4.6429,0.5775,0.261,0.0562,0.2048,0.2265,1.0749,0.297,0.7853,2.631640370755127,3.254723543726847,3132
2018,"Max Scherzer","WSN",206.2,811,12.0629,2.1339,5.6531,0.9145,0.3416,0.0604,0.2811,0.1864,0.9145,0.2627,0.8089,2.6723428197551273,3.1015542329387698,3137
2018,"David Price","BOS",165.2,673,9.1811,2.336,3.9302,1.0865,0.2511,0.0639,0.1872,0.2258,1.1046,0.2784,0.7697,3.6499859207551273,3.8252332227737993,3184
2018,"Will Harris","HOU",53,217,10.8679,2.3774,4.5714,0.5094,0.2949,0.0645,0.2304,0.2289,1.1321,0.3209,0.692,2.3874675127551277,2.679982573187577,3192
2018,"Francisco Liriano","DET",118,518,7.1695,5.1102,1.403,1.4492,0.1815,0.1293,0.0521,0.2528,1.5254,0.2814,0.7052,5.4661371627551265,4.912558017696364,3201
2018,"T.J. McFarland","ARI",72,292,5.25,2.75,1.9091,0.5,0.1438,0.0753,0.0685,0.237,1.1944,0.2679,0.8458,3.633274639755127,3.7827381639844844,3237
2018,"Anibal Sanchez","ATL",119.2,489,8.8746,2.9331,3.0256,0.9777,0.2413,0.0798,0.1616,0.2125,1.1198,0.2595,0.7744,3.654088491755127,3.884246060398695,3284
2018,"Danny Duffy","KCR",155,692,8.1871,4.0645,2.0143,1.3355,0.2038,0.1012,0.1026,0.2605,1.4903,0.304,0.7347,4.702987900755128,4.915727480476902,3542
2018,"Clay Buchholz","ARI",98.1,393,7.4136,2.0136,3.6818,0.8237,0.2061,0.056,0.1501,0.2174,1.0373,0.2554,0.8658,3.466137266755127,4.006303773157972,3543
2018,"Clayton Richard","SDP",158.2,682,6.126,3.4034,1.8,1.0777,0.1584,0.088,0.0704,0.2598,1.3803,0.2887,0.6472,4.679959660755127,4.237036323002477,3551
2018,"Jim Johnson","LAA",59.1,247,6.3708,3.3371,1.9091,1.2135,0.17,0.0891,0.081,0.2411,1.2809,0.2644,0.7143,4.661053259755127,4.439235670608634,3656
2018,"Matt Magill","MIN",51.2,228,8.3613,3.4839,2.4,1.7419,0.2105,0.0877,0.1228,0.2683,1.4516,0.3061,0.8594,5.154599517755127,4.716309118448627,3950
2018,"Yusmeiro Petit","OAK",88,350,7.3636,1.8409,4,1.3295,0.2057,0.0514,0.1543,0.2199,1.0341,0.2429,0.8104,4.058779689755127,4.221612371064046,4020
2018,"Hector Santiago","CHW",93.2,420,8.9359,5.3808,1.6607,1.5374,0.2214,0.1333,0.0881,0.2576,1.5907,0.3056,0.787,5.2856068217551275,5.480673675280727,4026
2018,"Pedro Strop","CHC",59.2,240,8.5978,3.1676,2.7143,0.6034,0.2375,0.0875,0.15,0.1776,0.9888,0.2222,0.839,3.429208691755127,4.080138447257898,4070
2018,"Derek Holland","SFG",158.2,667,9.0189,3.4601,2.6066,0.9643,0.2384,0.0915,0.1469,0.2309,1.2605,0.2864,0.7603,3.7786993467551273,4.009699016610022,4141
2018,"Jake Arrieta","PHI",159.2,662,7.1587,2.9311,2.4423,1.071,0.1918,0.0785,0.1133,0.2421,1.2401,0.2779,0.6895,4.2257703577551275,4.023536346811353,4153
2018,"David Hernandez","CIN",57.2,233,9.052,2.4971,3.625,0.9364,0.2489,0.0687,0.1803,0.2028,1.0231,0.25,0.8094,3.5945781777551273,4.218186635079787,4259
2018,"Justin Wilson","CHC",53.1,228,11.475,5.5688,2.0606,0.8438,0.2982,0.1447,0.1535,0.2051,1.3688,0.2869,0.8333,3.6860527457551275,4.015692106391291,4301
2018,"Tyler Chatwood","CHC",103.2,486,7.3794,8.2476,0.8947,0.7814,0.1749,0.1955,-0.0206,0.2396,1.8039,0.2862,0.7277,5.601566101755127,5.763438940598252,4338
2018,"Jeremy Hellickson","WSN",91.1,370,6.4051,1.9708,3.25,1.0839,0.1757,0.0541,0.1216,0.2281,1.073,0.2519,0.7174,4.223096600755127,4.266823738101284,4371
2018,"Jordan Zimmermann","DET",116.2,491,7.7143,1.5429,5,1.8514,0.2037,0.0407,0.1629,0.2596,1.2171,0.2832,0.7221,4.661051988755127,4.209368435990397,4505
2018,"Jason Hammel","KCR",123.2,566,6.5499,2.7655,2.3684,1.2372,0.159,0.0671,0.0919,0.3067,1.6092,0.3445,0.6341,4.487197612755127,4.983905148347208,4538
2018,"Brandon McCarthy","ATL",78.2,339,7.4364,2.4025,3.0952,1.7161,0.1917,0.0619,0.1298,0.2956,1.4619,0.3319,0.7447,4.788170371755127,3.7580196449325216,4662
2018,"Charlie Morton","HOU",163,681,10.7669,3.4785,3.0952,0.9939,0.2863,0.0925,0.1938,0.2126,1.1718,0.2828,0.7976,3.6579849327551273,3.4788454985326056,4676
2018,"Felix Hernandez","SEA",151.2,666,7.1802,3.3824,2.1228,1.4835,0.1817,0.0856,0.0961,0.2609,1.4044,0.2898,0.6455,5.053359693755127,4.620196517314548,4772
2018,"Rich Hill","LAD",118.2,499,10.3146,3.1095,3.3171,1.441,0.2725,0.0822,0.1904,0.2267,1.2051,0.2814,0.7637,4.189142015755127,3.791772129960595,4806
2018,"Mike Montgomery","CHC",111.2,479,5.9642,2.9821,2,0.6448,0.1545,0.0772,0.0772,0.2644,1.3612,0.3031,0.7375,3.949111883755127,4.3932926838778545,4869
2018,"Jon Lester","CHC",170.2,713,7.4883,3.1641,2.3667,1.2129,0.1992,0.0842,0.115,0.2519,1.3066,0.2905,0.7978,4.409099048755127,4.42811601572554,4930
2018,"Cole Hamels","2 Tms",171.2,726,8.8602,3.1981,2.7705,1.3631,0.2328,0.084,0.1488,0.245,1.2816,0.293,0.7766,4.506684007755127,3.9616684637511437,4972
2018,"Jeurys Familia","2 Tms",68.1,288,10.4049,3.6878,2.8214,0.3951,0.2743,0.0972,0.1771,0.2209,1.2439,0.3068,0.7488,2.7366625887551272,3.6161286452972505,5114
2018,"Wade LeBlanc","SEA",146.2,596,6.9955,2.0864,3.3529,1.4114,0.1913,0.057,0.1342,0.2393,1.1455,0.2624,0.7692,4.381506685755127,4.47120157597884,5221
2018,"Blake Parker","LAA",63.2,263,9.4712,2.6859,3.5263,1.555,0.2548,0.0722,0.1825,0.2407,1.2094,0.2883,0.8978,4.339062271755127,4.090492180694721,5224
2018,"Jose Alvarez","LAA",60.1,253,8.8011,3.2818,2.6818,0.4475,0.2332,0.087,0.1462,0.2183,1.1934,0.2814,0.7736,3.0450302547551273,3.931612713556149,5358
2018,"Brad Peacock","HOU",61.1,253,13.6467,2.9348,4.65,1.4674,0.3676,0.0791,0.2885,0.2087,1.1087,0.2992,0.8772,3.373009053755127,2.8152969421959995,5401
2018,"Pedro Baez","LAD",51,217,10.2353,3.5294,2.9,0.7059,0.2673,0.0922,0.1751,0.2296,1.2745,0.306,0.7781,3.141444574755127,3.967759488201609,5420
2018,"Jesse Chavez","2 Tms",87.2,352,8.6236,1.6426,5.25,1.3346,0.2386,0.0455,0.1932,0.244,1.1179,0.2887,0.8772,3.7199882037551273,3.544324999616939,5448
2018,"Madison Bumgarner","SFG",117.2,498,7.4957,3.136,2.3902,0.9943,0.1968,0.0823,0.1145,0.2279,1.2238,0.2639,0.7951,4.104394925755127,4.422682830308958,5524
2018,"Tyler Clippard","TOR",64.2,271,10.9948,3.201,3.4348,1.8093,0.2915,0.0849,0.2066,0.2236,1.2062,0.2727,0.8252,4.490948638755127,4.380509721369517,5640
2018,"Junior Guerra","MIL",137.2,600,8.6295,3.5956,2.4,1.2421,0.22,0.0917,0.1283,0.2606,1.4237,0.3128,0.7266,4.323279738755128,4.292679887749403,5702
2018,"Dellin Betances","NYY",60.2,243,15.8736,3.4121,4.6522,1.0385,0.4403,0.0947,0.3457,0.1674,0.9725,0.2871,0.8487,2.518195628755127,1.8077043346295356,6216
2018,"Trevor Cahill","OAK",102.2,419,8.1526,3.5065,2.325,0.6136,0.222,0.0955,0.1265,0.224,1.2078,0.28,0.6937,3.521441910755127,3.8094408646680122,6249
2018,"Chris Archer","2 Tms",135.1,589,9.6429,3.0591,3.1522,1.197,0.2462,0.0781,0.1681,0.2695,1.4113,0.3387,0.7026,3.877801362755127,3.6986519402753446,6345
2018,"Jake Odorizzi","MIN",155,668,8.8839,3.7161,2.3906,1.1613,0.229,0.0958,0.1332,0.2366,1.3226,0.2861,0.7027,4.257826610755127,4.839390487440171,6397
2018,"Steve Cishek","CHC",66,268,10.2273,3.4091,3,0.6818,0.2799,0.0933,0.1866,0.1787,1.0152,0.2387,0.8235,3.373173629755127,3.7396465889432218,6483
2018,"Blaine Hardy","DET",81.1,333,6.75,2.3238,2.9048,1.1066,0.1832,0.0631,0.1201,0.2419,1.1803,0.272,0.7262,4.107774116755127,4.499474436972848,6499
2018,"Alex Cobb","BAL",152.1,661,6.0263,2.5405,2.3721,1.4179,0.1543,0.0651,0.0893,0.2801,1.4114,0.3033,0.6796,4.795626078755127,4.471381811268471,6562
2018,"Brad Brach","2 Tms",58.2,271,8.5909,4.2955,2,0.6136,0.2066,0.1033,0.1033,0.2727,1.6023,0.3407,0.7271,3.6212794287551273,4.367762113219324,6627
2018,"Carlos Carrasco","CLE",176,715,10.5341,1.8409,5.7222,1.0227,0.2881,0.0503,0.2378,0.2407,1.125,0.3177,0.7443,3.013325145755127,2.962447275221348,6632
2018,"Craig Kimbrel","BOS",59,232,13.7288,4.2712,3.2143,1.0678,0.3879,0.1207,0.2672,0.1478,0.9831,0.217,0.8943,3.127154112755127,3.0404419957581217,6655
2018,"Alex Colome","2 Tms",64,268,9.8438,2.6719,3.6842,0.9844,0.2612,0.0709,0.1903,0.2276,1.1719,0.2899,0.7625,3.426677417755127,3.3725461708847435,6661
2018,"Julio Teheran","ATL",163.1,676,8.3755,4.3531,1.9241,1.3224,0.2249,0.1169,0.108,0.1956,1.1878,0.2209,0.7556,4.826358879755127,4.665518512388306,6797
2018,"Johnny Cueto","SFG",53,214,6.4528,2.2075,2.9231,1.3585,0.1776,0.0607,0.1168,0.2347,1.1132,0.2533,0.8523,4.708222228755128,4.522223372335705,6893
2018,"Chase Anderson","MIL",154.1,625,7.1728,3.2073,2.2364,1.6911,0.1968,0.088,0.1088,0.222,1.1663,0.2336,0.8128,5.215048540755127,4.784186494758153,6895
2018,"Martin Perez","TEX",77,361,5.3766,3.6234,1.4839,1.8701,0.1274,0.0859,0.0416,0.3354,1.8312,0.3534,0.6882,5.953260209755127,5.032273887155892,6902
2018,"Joakim Soria","2 Tms",53.2,233,11.4037,2.5155,4.5333,0.6708,0.2918,0.0644,0.2275,0.2361,1.2298,0.3264,0.7051,2.5461459677551272,3.42372751958041,6941
2018,"Ian Kennedy","KCR",106.2,466,8.1844,3.2906,2.4872,1.5187,0.2082,0.0837,0.1245,0.2629,1.4156,0.3023,0.7334,4.661051948755127,4.666014546825091,6986
2018,"Ryan Pressly","2 Tms",66.1,274,12.7538,2.7136,4.7,0.8141,0.3431,0.073,0.2701,0.2191,1.1307,0.3245,0.819,2.5429625867551273,2.5871204288599454,7005
2018,"James Shields","CHW",192.2,819,6.8668,3.3166,2.0704,1.4481,0.1795,0.0867,0.0928,0.2419,1.2976,0.2633,0.6943,4.956899857755127,5.042593103935825,7059
2018,"Craig Stammen","SDP",71.1,285,9.9673,1.8925,5.2667,0.2523,0.2772,0.0526,0.2246,0.221,1.0374,0.3065,0.7547,2.067593963755127,2.9765499539203266,7274
2018,"Brad Ziegler","2 Tms",69.1,283,6.101,2.8558,2.1364,0.9087,0.1661,0.0777,0.0883,0.251,1.2548,0.2829,0.7323,4.156245203755128,3.5345646816376295,7293
2018,"Dan Otero","CLE",54.1,229,6.6258,0.6626,10,1.8221,0.1747,0.0175,0.1572,0.2883,1.2515,0.3099,0.6475,4.707065635755127,3.199882355020026,7385
2018,"J.A. Happ","2 Tms",160.2,663,9.6909,2.4647,3.9318,1.4004,0.2609,0.0664,0.1946,0.2246,1.1266,0.2718,0.7419,4.019973400755127,3.8166697446002322,7410
2018,"Wade Davis","COL",59.1,241,10.618,3.9438,2.6923,1.2135,0.2905,0.1079,0.1826,0.1925,1.1292,0.2444,0.6574,3.970041635755127,3.8038964967591697,7441
2018,"Gio Gonzalez","2 Tms",156,688,8.0192,4.3269,1.8533,0.9231,0.202,0.109,0.093,0.2602,1.5,0.3136,0.7257,4.1931036997551265,4.373750873081959,7448
2018,"Collin McHugh","HOU",66.2,258,11.88,2.43,4.8889,0.81,0.3411,0.0698,0.2713,0.1702,0.87,0.2411,0.8608,2.726052635755127,3.1663771357585806,7531
2018,"Nick Vincent","SEA",52.1,220,9.1147,2.2357,4.0769,1.0318,0.2409,0.0591,0.1818,0.2157,1.0892,0.2621,0.6589,3.543218265755127,4.41973727727877,7555
2018,"Jordan Lyles","2 Tms",82.2,353,8.1653,3.0484,2.6786,1.3065,0.2125,0.0793,0.1331,0.2508,1.3185,0.2924,0.7325,4.322343676755127,4.2533554026221605,7593
2018,"Mike Fiers","2 Tms",158.2,654,7.3172,1.8718,3.9091,1.5882,0.1972,0.0505,0.1468,0.2455,1.1597,0.2686,0.8554,4.566514306755127,4.406311158967684,7754
2018,"Tyson Ross","2 Tms",146.2,619,7.1795,3.6818,1.95,1.0432,0.189,0.0969,0.0921,0.2301,1.275,0.2632,0.7227,4.442871181755127,4.264852339332475,7872
2018,"Cory Gearrin","3 Tms",55.1,239,8.6205,3.253,2.65,1.1386,0.2218,0.0837,0.1381,0.2488,1.3193,0.3007,0.8237,4.299607319755127,4.266846131457621,7947
2018,"Jason Vargas","NYM",79.1,357,7.9412,3.1765,2.5,1.9286,0.1961,0.0784,0.1176,0.2901,1.5378,0.3249,0.6686,5.429960933755128,4.62202069111933,8044
2018,"Dan Jennings","MIL",62.2,263,6.4628,3.3032,1.9565,0.8617,0.1711,0.0875,0.0837,0.2636,1.3723,0.3032,0.7761,4.118498716755127,4.00710700845653,8073
2018,"Bryan Shaw","COL",51.2,244,8.8839,4.3548,2.04,1.5677,0.209,0.1025,0.1066,0.3165,1.8194,0.3797,0.6311,4.961051255755127,4.294872748953734,8110
2018,"Jaime Garcia","2 Tms",75.2,343,8.4449,4.8767,1.7317,1.5463,0.207,0.1195,0.0875,0.2575,1.5595,0.2977,0.6323,5.262375854755127,4.971544018178188,8137
2018,"Yovani Gallardo","2 Tms",79.2,356,5.6485,4.5188,1.25,1.4686,0.1404,0.1124,0.0281,0.2857,1.6318,0.3056,0.6294,5.571096274755126,5.2534037109737906,8173
2018,"Brett Anderson","OAK",68.1,283,4.7415,1.7122,2.7692,0.922,0.1272,0.0459,0.0813,0.2836,1.3024,0.3067,0.6897,4.097638239755127,4.143619637438219,8223
2018,"David Robertson","NYY",63.1,255,12.2211,3.1263,3.9091,0.8526,0.3373,0.0863,0.251,0.176,0.9947,0.2482,0.696,2.7189469227551273,2.8695091095791034,8241
2018,"Homer Bailey","CIN",106.1,494,6.348,2.7931,2.2727,1.9467,0.1518,0.0668,0.085,0.3072,1.6364,0.3269,0.6537,5.5497678997551265,4.648344329777139,8362
2018,"Justin Verlander","HOU",195,767,11.9077,1.6154,7.3714,1.2462,0.3364,0.0456,0.2907,0.2055,0.9436,0.2773,0.842,2.961052417755127,3.1853396405776344,8700
2018,"Tanner Roark","WSN",175,737,7.3543,2.4686,2.9792,1.1829,0.194,0.0651,0.1289,0.2592,1.28,0.2982,0.7235,4.229623845755127,4.389736928769521,8753
2018,"Wade Miley","MIL",68.2,285,5.8981,3.2767,1.8,0.3932,0.1579,0.0877,0.0702,0.2218,1.1942,0.2584,0.7921,3.641634707755127,4.300358223976453,8779
2018,"Andrew Cashner","BAL",153,681,5.8235,3.8235,1.5231,1.4706,0.1454,0.0954,0.0499,0.2887,1.5817,0.3108,0.7048,5.3244511097551275,5.186524169741114,8782
2018,"John Axford","2 Tms",54.1,228,8.9448,3.6442,2.4545,0.9939,0.2368,0.0965,0.1404,0.2365,1.2883,0.2937,0.6192,3.9892737847551274,3.8000016261203484,9059
2018,"Kirby Yates","SDP",56.2,225,12.5471,2.2235,5.6429,0.9529,0.3511,0.0622,0.2889,0.1836,0.9176,0.2623,0.9034,2.7022291587551273,2.6956275670329704,9073
2018,"Brad Hand","2 Tms",67.2,282,13.4335,3.1921,4.2083,1.064,0.3582,0.0851,0.273,0.1968,1.0788,0.2929,0.7768,3.1758307567551274,2.81047361979131,9111
2018,"Nathan Eovaldi","2 Tms",98,406,7.5306,1.6531,4.5556,1.2857,0.202,0.0443,0.1576,0.2539,1.1837,0.2897,0.6606,3.956970784755127,3.9368283942341806,9132
2018,"Alex Wilson","DET",57.1,230,6.1221,2.3547,2.6,1.0988,0.1696,0.0652,0.1043,0.2254,1.0988,0.2455,0.7609,4.2773321357551275,4.188099266657539,9239
2018,"Patrick Corbin","ARI",186,740,11.129,2.0323,5.4762,0.6774,0.3108,0.0568,0.2541,0.2147,1.0269,0.3,0.7526,2.408364245755127,2.575344609461164,9323
2018,"Jared Hughes","CIN",73.1,279,6.9955,2.7,2.5909,0.4909,0.2043,0.0789,0.1254,0.2078,1.0227,0.2526,0.8683,3.297416115755127,3.376596085286213,9325
2018,"Josh Tomlin","CLE",59.2,274,5.581,1.6592,3.3636,3.4693,0.135,0.0401,0.0949,0.3038,1.5084,0.28,0.7566,7.635910252755127,5.448169687658034,9388
2018,"Doug Fister","TEX",66,289,5.4545,2.5909,2.1053,1.5,0.1384,0.0657,0.0727,0.2765,1.3939,0.2911,0.7022,5.2519615077551265,4.561738641831008,9425
2018,"Dallas Keuchel","HOU",191.2,815,6.7148,2.4417,2.75,0.7983,0.1755,0.0638,0.1117,0.2536,1.2783,0.2928,0.7348,3.6671392857551277,3.754961396879329,9434
2018,"Dan Straily","MIA",122.1,518,7.2834,3.8256,1.9038,1.4714,0.1911,0.1004,0.0907,0.2331,1.2997,0.2559,0.7536,5.114731423755127,4.9875300368627595,9460
2018,"Jeremy Jeffress","MIL",72.1,286,10.4516,3.3594,3.1111,0.6221,0.2937,0.0944,0.1993,0.1853,1.0369,0.2529,0.9265,2.8569048127551273,2.8944562445246795,9490
2018,"Bud Norris","STL",56.2,236,10.4823,2.8588,3.6667,1.2706,0.2797,0.0763,0.2034,0.2254,1.1647,0.2878,0.7692,3.884581403755127,3.4774488164834865,9492
2018,"Joe Kelly","BOS",61.1,263,9.0978,4.2554,2.1379,0.587,0.2357,0.1103,0.1255,0.2227,1.3043,0.2883,0.6801,3.650183117755127,4.121854132448782,9761
2018,"Garrett Richards","LAA",76.1,324,10.2576,4.0087,2.5588,1.2969,0.2685,0.1049,0.1636,0.2215,1.2838,0.2775,0.6699,4.130485154755127,3.620245865195278,9784
2018,"Miles Mikolas","STL",180.2,734,6.2768,1.3948,4.5,0.6974,0.1717,0.0381,0.1335,0.25,1.1236,0.2875,0.7603,3.338174155755127,3.692919383940365,9803
2018,"Sergio Romo","TBR",61,250,9.7377,2.6557,3.6667,1.0328,0.264,0.072,0.192,0.2261,1.1475,0.2866,0.8039,3.472527826755127,3.8489449057911265,9817
2018,"Chris Rusin","COL",50.2,226,7.2829,4.6184,1.5769,1.2434,0.1814,0.115,0.0664,0.2677,1.5592,0.3067,0.5478,4.996577525755127,4.504431874572944,9895
2018,"Brandon Kintzler","2 Tms",56.2,248,6.3529,3.3353,1.9048,0.7941,0.1613,0.0847,0.0766,0.2825,1.4824,0.3258,0.716,4.219875323755128,4.617562152754615,9939
2018,"Mike Minor","TEX",146,595,7.4589,2.0959,3.5588,1.4178,0.2034,0.0571,0.1462,0.2315,1.1096,0.2567,0.7184,4.414477074755127,4.538518848157909,10021
2018,"Kyle Gibson","MIN",176.2,743,8.3038,3.7189,2.2329,1.0698,0.2194,0.0983,0.1211,0.2342,1.2962,0.2801,0.7466,4.168599396755128,3.932143482096226,10123
2018,"Mike Leake","SEA",178,746,5.764,1.7191,3.3529,1.1124,0.1528,0.0456,0.1072,0.273,1.2753,0.2995,0.7207,4.144198484755127,4.13339959121822,10130
2018,"Stephen Strasburg","WSN",114,473,10.5,2.3684,4.4333,1.1842,0.2812,0.0634,0.2178,0.2403,1.1842,0.3114,0.725,3.4856138207551273,3.2528483827385988,10131
2018,"Tyler Skaggs","LAA",116.2,493,9.4886,2.7,3.5143,0.9257,0.2495,0.071,0.1785,0.2599,1.3114,0.3323,0.7418,3.3924809227551274,3.555948308361366,10190
2018,"Ryan Tepera","TOR",61,250,9.2951,3.2459,2.8636,1.3279,0.252,0.088,0.164,0.2411,1.2459,0.2961,0.7864,4.292199957755127,4.052857927318479,10291
2018,"Zack Wheeler","NYM",175.1,715,8.9829,2.6692,3.3654,0.7186,0.2448,0.0727,0.172,0.2237,1.135,0.2842,0.7551,3.195272955755127,3.7021069469944687,10310
2018,"Robbie Erlin","SDP",99,396,7.3636,0.9091,8.1,1,0.2045,0.0253,0.1793,0.2668,1.1414,0.3129,0.625,3.272163528755127,3.3792362978061043,10354
2018,"Mychal Givens","BAL",68.2,293,9.699,3.932,2.4667,0.5243,0.2526,0.1024,0.1502,0.2346,1.3252,0.3132,0.6448,3.204741716755127,4.1311450080254435,10430
2018,"Addison Reed","MIN",54,234,7,2.5,2.8,1.8333,0.1795,0.0641,0.1154,0.2917,1.4444,0.319,0.7774,5.253645009755127,5.174675903717677,10586
2018,"Chad Bettis","COL",114.2,496,6.0436,3.6105,1.6739,1.3343,0.1552,0.0927,0.0625,0.2607,1.4128,0.2821,0.6774,5.079656510755127,4.765536465776947,10587
2018,"Scott Alexander","LAD",63,255,7.4286,3.7143,2,0.4286,0.2039,0.102,0.102,0.2335,1.254,0.2907,0.7292,3.462639718755127,3.3679143536658516,10591
2018,"Chris Sale","BOS",147,571,13.5306,2.0204,6.697,0.6122,0.387,0.0578,0.3292,0.1749,0.8503,0.278,0.8374,1.956970785755127,2.297284021122115,10603
2018,"Shane Greene","DET",59.1,260,9.2528,2.7303,3.3889,1.5169,0.2346,0.0692,0.1654,0.2625,1.3652,0.3136,0.6812,4.307120476755127,4.0089713211715425,10756
2018,"Mike Foltynewicz","ATL",166,677,10.0843,3.3072,3.0492,0.8133,0.2747,0.0901,0.1846,0.1993,1.1024,0.2603,0.7892,3.2694861517551272,3.636958081661219,10811
2018,"Chasen Shreve","2 Tms",50.1,225,10.7285,4.4702,2.4,1.9669,0.2667,0.1111,0.1556,0.2613,1.5298,0.3203,0.8147,5.167676262755127,4.1313609490164,10855
2018,"Jacob deGrom","NYM",195,759,11.0308,2.0308,5.4318,0.4154,0.3149,0.058,0.2569,0.2,0.9538,0.2879,0.824,2.063616520755127,2.7086802096703115,10954
2018,"Vince Velasquez","PHI",140,594,10.0286,3.6,2.7857,0.9643,0.2626,0.0943,0.1684,0.2354,1.2929,0.3056,0.6826,3.6753381317551272,4.040271343610117,11189
2018,"Jose Quintana","CHC",154.1,654,7.8726,3.7905,2.0769,1.1663,0.2064,0.0994,0.107,0.2355,1.3153,0.2738,0.7584,4.418072126755127,4.349349951831934,11423
2018,"Drew Pomeranz","BOS",68.1,314,7.639,5.4,1.4146,1.4488,0.1847,0.1306,0.0541,0.2926,1.7561,0.3383,0.7063,5.487882820755127,5.377137957978418,11426
2018,"Jesse Biddle","ATL",59.2,246,9.352,3.9218,2.3846,0.7542,0.252,0.1057,0.1463,0.212,1.2067,0.2733,0.8088,3.630325897755127,3.4267229364833462,11437
2018,"Matt Grace","WSN",54.1,224,7.6196,1.9877,3.8333,0.8282,0.2054,0.0536,0.1518,0.2333,1.1227,0.2767,0.7857,3.437126206755127,3.8518921090732587,11449
2018,"Bryan Mitchell","SDP",59.1,279,4.0955,6.0674,0.675,1.5169,0.0968,0.1434,-0.0466,0.2911,1.8371,0.295,0.7216,6.565548711755127,5.961201079514554,11479
2018,"Robbie Ray","ARI",108.2,460,11.7607,4.8865,2.4068,1.408,0.3087,0.1283,0.1804,0.2197,1.3436,0.2954,0.7862,4.348168617755127,3.8191187316650868,11486
2018,"Aaron Sanchez","TOR",101,455,7.5743,4.901,1.5455,0.8911,0.1868,0.1209,0.0659,0.2589,1.5545,0.3077,0.7047,4.576894001755128,4.875969888225641,11490
2018,"Jose Urena","MIA",157.1,648,6.9788,2.5742,2.7111,1.0297,0.1883,0.0694,0.1188,0.2432,1.2013,0.2788,0.7094,4.165289917755127,4.189649505142887,11589
2018,"Heath Hembree","BOS",56,244,11.7321,4.1786,2.8077,1.2857,0.2992,0.1066,0.1926,0.2339,1.375,0.3139,0.7599,3.803909559755127,3.568888674836074,11632
2018,"Jameson Taillon","PIT",171,708,8.2105,2.2105,3.7143,0.9474,0.2203,0.0593,0.161,0.247,1.1988,0.2984,0.7858,3.547017329755127,3.6660157224936794,11674
2018,"Carlos Martinez","STL",110.2,485,8.7018,4.3102,2.0189,0.4066,0.2206,0.1093,0.1113,0.2257,1.3373,0.2913,0.7368,3.5496065167551265,4.439755900498891,11682
2018,"Tayron Guerrero","MIA",54,254,11,4.8333,2.2759,1.3333,0.2598,0.1142,0.1457,0.2793,1.6852,0.3649,0.6522,4.420311676755127,4.054244454867311,11691
2018,"Nick Kingham","PIT",71,307,8.1127,2.662,3.0476,1.9014,0.2085,0.0684,0.1401,0.234,1.2254,0.2512,0.7,5.161052417755127,4.438383594323212,11694
2018,"Sam Dyson","SFG",64.1,254,7.2746,2.658,2.7368,0.6995,0.2047,0.0748,0.1299,0.2328,1.1347,0.28,0.7681,3.5807417537551274,3.699981157882346,11710
2018,"Matt Harvey","2 Tms",144.2,617,7.4654,2.1774,3.4286,1.4931,0.1945,0.0567,0.1378,0.2639,1.2926,0.2963,0.7277,4.508978373755127,4.247467648680543,11713
2018,"Noah Syndergaard","NYM",135.1,571,9.1773,2.2611,4.0588,0.4655,0.2417,0.0595,0.1821,0.2566,1.2562,0.3351,0.7476,2.702924226755127,3.2387117574280637,11762
2018,"Hansel Robles","2 Tms",51,225,9,4.2353,2.125,1.5882,0.2267,0.1067,0.12,0.2613,1.4902,0.3094,0.7951,4.984581828755127,4.6335407684831065,11801
2018,"James Paxton","SEA",150.1,607,11.6142,2.5144,4.619,1.2572,0.3196,0.0692,0.2504,0.2199,1.1042,0.2951,0.7485,3.2541788237551272,3.097153599701749,11828
2018,"Matt Andriese","2 Tms",75.2,322,8.8018,2.7357,3.2174,1.5463,0.2298,0.0714,0.1584,0.2593,1.3216,0.3048,0.6802,4.429774325755127,3.6369103113310275,12022
2018,"Brian Flynn","KCR",69,307,5.7391,4.4348,1.2941,0.5217,0.1433,0.1107,0.0326,0.2926,1.6377,0.3378,0.7428,4.248008938755127,5.002382145023001,12027
2018,"Kyle Hendricks","CHC",174.2,721,7.5229,2.1126,3.561,1.0821,0.2025,0.0569,0.1456,0.253,1.208,0.295,0.7437,3.8938767047551273,3.824917856918789,12049
2018,"Felipe Vazquez","PIT",63,268,11.4286,3.1429,3.6364,0.2857,0.2985,0.0821,0.2164,0.2327,1.254,0.3374,0.7642,2.129306386755127,3.0274136067382873,12076
2018,"Cody Allen","CLE",64.1,274,10.6321,4.3368,2.4516,1.5389,0.2774,0.1131,0.1642,0.2218,1.3057,0.2763,0.8127,4.653281169755127,4.586996186254142,12183
2018,"Dan Winkler","ATL",59,245,10.5254,2.5932,4.0588,0.4576,0.2816,0.0694,0.2122,0.2197,1.1186,0.3046,0.7036,2.601730384755127,3.4803546278658564,12237
2018,"Nick Tropeano","LAA",76,316,7.5789,3.6711,2.0645,1.8947,0.2025,0.0981,0.1044,0.2403,1.3026,0.2562,0.7634,5.516315574755128,4.713601677394227,12385
2018,"Seth Lugo","NYM",97,395,9.1856,2.5052,3.6667,0.8351,0.2506,0.0684,0.1823,0.2131,1.0825,0.2674,0.7627,3.222908087755127,3.446987141899227,12447
2018,"Chasen Bradford","SEA",50.2,216,6.5724,2.1316,3.0833,1.4211,0.1713,0.0556,0.1157,0.2563,1.2434,0.2792,0.8451,4.759735575755127,4.630366400884246,12452
2018,"Blake Treinen","OAK",74.1,291,11.3812,2.5426,4.4762,0.2422,0.323,0.0722,0.2509,0.1561,0.8475,0.2312,0.866,1.8695720187551272,2.49743415134191,12572
2018,"Mike Wright","BAL",75.1,348,7.885,3.7035,2.129,1.3142,0.1897,0.0891,0.1006,0.3,1.646,0.3519,0.7007,4.820345186755127,4.82951130029889,12586
2018,"Trevor Bauer","CLE",166,680,11.6024,3.0361,3.8214,0.4337,0.3147,0.0824,0.2324,0.2033,1.0904,0.2977,0.7886,2.383943984755127,3.120517890298941,12703
2018,"Sonny Gray","NYY",126.1,567,8.4063,3.9894,2.1071,0.9974,0.2081,0.0988,0.1093,0.2684,1.5119,0.3261,0.7079,4.253400990755127,4.185482123165119,12768
2018,"Sam Gaviglio","TOR",108,478,8.0833,2.6667,3.0313,1.6667,0.2029,0.0669,0.136,0.2805,1.4444,0.32,0.7121,4.772163528755128,4.046956684357591,12778
2018,"Burch Smith","KCR",74.2,339,8.9196,4.4598,2,1.808,0.2183,0.1091,0.1091,0.2819,1.6205,0.3301,0.6635,5.437837114755127,4.839136140871445,12784
2018,"Noe Ramirez","LAA",77.1,334,10.4741,3.375,3.1034,1.7457,0.2695,0.0868,0.1826,0.2441,1.319,0.299,0.7471,4.712777223755127,3.87843539186051,12800
2018,"Mike Clevinger","CLE",188.1,763,9.3664,2.9628,3.1613,0.908,0.2569,0.0813,0.1756,0.2264,1.1681,0.2878,0.7892,3.426539189755127,3.781265989346389,12808
2018,"Matt Barnes","BOS",58.1,249,14.1943,4.4743,3.1724,0.7714,0.3695,0.1165,0.253,0.1881,1.2,0.2975,0.7692,2.715337877755127,2.81852849435473,12863
2018,"Tyler Anderson","COL",162.1,688,8.5934,2.9938,2.8704,1.6078,0.2253,0.0785,0.1468,0.25,1.306,0.2879,0.7036,4.6086913177551265,4.178714279185243,12880
2018,"Alex Claudio","TEX",62,277,5.371,1.7419,3.0833,0.4355,0.1336,0.0433,0.0903,0.3282,1.5806,0.3739,0.6921,3.3223427397551273,3.5990348909170398,12890
2018,"Dylan Bundy","BAL",156,682,9.5769,2.8269,3.3878,2.1923,0.2434,0.0718,0.1716,0.2711,1.4038,0.3121,0.7043,5.257206263755127,4.345629442750644,12917
2018,"Archie Bradley","ARI",66,272,9.2727,2.7273,3.4,1.0909,0.25,0.0735,0.1765,0.2209,1.1364,0.2717,0.7485,3.721658477755127,3.6223447024370685,12918
2018,"Joe Musgrove","PIT",109.1,458,7.9024,1.8933,4.1739,0.9878,0.2096,0.0502,0.1594,0.2453,1.1707,0.2906,0.7107,3.6549550067551273,3.904917972816438,12970
2018,"Anthony DeSclafani","CIN",99.1,417,7.8826,2.3557,3.3462,1.8121,0.2086,0.0624,0.1463,0.2622,1.2886,0.2908,0.7255,4.872462387755127,4.067355195322643,13050
2018,"Wei-Yin Chen","MIA",122.1,526,7.5041,3.2371,2.3182,1.3978,0.1939,0.0837,0.1103,0.2516,1.3488,0.2833,0.6887,4.616093685755127,4.716667858560278,13071
2018,"Gerrit Cole","HOU",187.1,749,12.4911,3.0267,4.127,0.8648,0.3471,0.0841,0.263,0.1944,1.0409,0.2843,0.7805,2.7553583957551266,3.013861191092871,13125
2018,"Eduardo Rodriguez","BOS",119.2,506,10.0028,2.7075,3.6944,1.0529,0.2628,0.0711,0.1917,0.2361,1.2201,0.3009,0.7822,3.461887987755127,3.7352302195616587,13164
2018,"Kyle Crick","PIT",55.1,240,9.4337,3.741,2.5217,0.488,0.2417,0.0958,0.1458,0.2143,1.2289,0.2819,0.8051,3.395992317755127,4.243293764325396,13182
2018,"Zach Davies","MIL",58,248,6.6724,3.1034,2.15,1.2414,0.1734,0.0806,0.0927,0.2589,1.3448,0.289,0.7203,4.712776554755127,4.485859838385006,13183
2018,"Joe Biagini","TOR",66.1,297,6.6482,2.5779,2.5789,1.7638,0.165,0.064,0.101,0.3162,1.5829,0.3476,0.722,5.362058548755128,4.482533658307887,13194
2018,"Michael Fulmer","DET",132.1,558,7.4811,3.1285,2.3913,1.2922,0.1971,0.0824,0.1147,0.2525,1.3149,0.2884,0.6824,4.5212542707551275,4.289729612788882,13218
2018,"Ross Stripling","LAD",113.2,461,9.8974,1.4252,6.9444,1.1877,0.2711,0.039,0.2321,0.2511,1.1349,0.3179,0.8807,3.1786477197551273,2.974260421544745,13273
2018,"Cam Bedrosian","LAA",61,255,7.9672,3.3934,2.3478,1.0328,0.2118,0.0902,0.1216,0.2565,1.3443,0.3077,0.7817,4.111872089755127,4.082154307893065,13360
2018,"Steven Matz","NYM",140,594,8.7429,3.15,2.7755,1.5429,0.229,0.0825,0.1465,0.2313,1.2357,0.266,0.7278,4.689623845755127,4.112667515873909,13361
2018,"Dylan Floro","2 Tms",62.2,261,7.8989,3.016,2.619,0.4309,0.2107,0.0805,0.1303,0.2218,1.1809,0.2762,0.8333,3.081265099755127,3.7239922407182613,13394
2018,"Felix Pena","LAA",81.2,343,8.3755,2.8653,2.9231,1.102,0.2216,0.0758,0.1458,0.2428,1.249,0.2907,0.7609,3.9937051387551277,4.060224761510172,13403
2018,"Matt Koch","ARI",78.1,325,4.7106,2.183,2.1579,2.0681,0.1262,0.0585,0.0677,0.2667,1.2638,0.2573,0.7895,6.058925990755127,4.948207353556014,13420
2018,"Drew VerHagen","DET",51.2,213,8.1871,2.7871,2.9375,1.0452,0.2207,0.0751,0.1455,0.2216,1.1419,0.2624,0.653,3.954600292755127,4.298993793745646,13424
2018,"Marcus Stroman","TOR",102.1,449,6.772,3.1661,2.1389,0.7915,0.1715,0.0802,0.0913,0.2798,1.4756,0.3262,0.6054,3.913495658755127,3.835384199060329,13431
2018,"Taylor Rogers","MIN",63,243,10,2.1429,4.6667,0.4286,0.2881,0.0617,0.2263,0.2124,1,0.2941,0.7401,2.3674016247551273,2.9280790751415586,13449
2018,"Blake Snell","TBR",164,636,10.7012,3.0732,3.4821,0.878,0.3066,0.0881,0.2186,0.1813,0.9817,0.2418,0.8739,3.0939792477551276,3.245672715527983,13543
2018,"Richard Rodriguez","PIT",62,250,11.3226,2.4677,4.5882,0.7258,0.312,0.068,0.244,0.2193,1.0806,0.3103,0.8308,2.757826611755127,3.627444144602745,13549
2018,"Jakob Junis","KCR",162,688,8.3333,2.2222,3.75,1.6111,0.218,0.0581,0.1599,0.2512,1.2284,0.2863,0.7497,4.654879577755127,4.152651816293781,13619
2018,"Corey Oswalt","NYM",55.2,244,5.982,2.4251,2.4667,2.1018,0.1516,0.0615,0.0902,0.2711,1.3653,0.2743,0.6472,5.891589704755127,4.843534252926934,13677
2018,"John Gant","STL",107,453,7.5701,4.2897,1.7647,0.757,0.1987,0.1126,0.0861,0.2075,1.2523,0.2458,0.6807,4.0582486787551275,4.585534523385707,13684
2018,"Sal Romano","CIN",136,605,6.5515,3.4412,1.9038,1.5221,0.1636,0.086,0.0777,0.2659,1.4559,0.2881,0.6773,5.138993593755127,4.7013773385435345,13690
2018,"Robert Gsellman","NYM",76,322,7.8158,3.1974,2.4444,0.9474,0.205,0.0839,0.1211,0.2337,1.25,0.2765,0.6834,4.016315574755128,4.147387177889285,13696
2018,"Jake Faria","TBR",60.2,261,6.8242,4.1538,1.6429,1.1868,0.1762,0.1073,0.069,0.2435,1.3846,0.2727,0.7124,4.891820696755127,5.355488704045671,13699
2018,"Kyle Barraclough","MIA",52,228,9.8654,5.5385,1.7813,1.3846,0.25,0.1404,0.1096,0.1979,1.3462,0.2362,0.7643,5.045667801755127,4.474950098819457,13713
2018,"Chris Stratton","SFG",135.1,571,6.9163,3.0591,2.2609,1.1305,0.1821,0.0806,0.1016,0.26,1.3448,0.296,0.6866,4.321151224755127,4.323489328315327,13761
2018,"Zach Eflin","PHI",120.1,511,8.3019,2.3186,3.5806,1.1967,0.2172,0.0607,0.1566,0.2558,1.2715,0.3029,0.6886,3.8923545587551267,4.0853694084520455,13774
2018,"Alex Wood","LAD",148,622,7.9662,2.3716,3.359,0.8514,0.2106,0.0627,0.1479,0.2448,1.2162,0.2947,0.7109,3.5529443087551273,3.7181597641392337,13781
2018,"Matt Strahm","SDP",56.2,226,10.0059,2.8588,3.5,0.9529,0.2788,0.0796,0.1991,0.1805,0.9706,0.2279,0.8669,3.425758143755127,3.798056264584516,13799
2018,"Paul Sewald","NYM",52.2,234,9.3987,3.4177,2.75,1.3671,0.235,0.0855,0.1496,0.2723,1.481,0.3333,0.6195,4.243330213755128,4.557910435490643,13892
2018,"Scott Oberg","COL",51,198,7.9412,1.9412,4.0909,0.5294,0.2273,0.0556,0.1717,0.212,0.9804,0.2647,0.7992,2.984581829755127,3.0942604108768355,13911
2018,"Brent Suter","MIL",101.1,424,7.4605,1.6875,4.4211,1.5987,0.1981,0.0448,0.1533,0.2544,1.1941,0.2809,0.7014,4.493289697755127,4.074743685894808,13942
2018,"Michael Wacha","STL",84.1,355,7.5771,3.8419,1.9722,0.9605,0.2,0.1014,0.0986,0.2145,1.2332,0.2489,0.7495,4.216388802755127,4.121605324801806,14078
2018,"Kevin Gausman","2 Tms",172.1,727,7.0503,2.3501,3,1.3056,0.1857,0.0619,0.1238,0.2652,1.2998,0.299,0.7755,4.385424027755127,4.147964389361488,14107
2018,"Lance McCullers Jr.","HOU",126,520,9.8571,3.5714,2.76,0.8571,0.2654,0.0962,0.1692,0.216,1.1905,0.2812,0.6919,3.565814321755127,3.481228041838086,14120
2018,"Jose Berrios","MIN",179.2,744,9.2672,2.705,3.4259,1.2022,0.2487,0.0726,0.1761,0.2242,1.1466,0.2729,0.7646,3.940273051755127,3.913559188626376,14168
2018,"Josh Hader","MIL",74.2,275,15.6696,3.1339,5,0.7232,0.4727,0.0945,0.3782,0.1205,0.75,0.2124,0.7983,1.7681958967551272,1.8959047709499979,14212
2018,"Brian Johnson","BOS",93.1,407,8.1,3.0857,2.625,1.4464,0.2064,0.0786,0.1278,0.2701,1.425,0.3127,0.7699,4.511052899755127,4.562968206357615,14272
2018,"Frankie Montas","OAK",63.2,278,6.0785,2.9686,2.0476,0.7068,0.1547,0.0755,0.0791,0.2863,1.4764,0.3285,0.6966,3.914978723755127,4.606181448721702,14309
2018,"Ty Blach","SFG",111.2,485,5.4806,3.2239,1.7,0.6448,0.1402,0.0825,0.0577,0.2883,1.5045,0.3261,0.6971,3.9759775467551273,4.272252561968746,14361
2018,"Tyler Glasnow","2 Tms",94,395,11.0106,4.4043,2.5,1.1489,0.2911,0.1165,0.1747,0.2133,1.2766,0.2818,0.6939,3.905733268755127,3.528796057783543,14374
2018,"Amir Garrett","CIN",58.2,248,10.2784,3.6818,2.7917,1.2273,0.2702,0.0968,0.1734,0.2443,1.3295,0.3151,0.745,4.030370104755127,3.8623371430383044,14375
2018,"Hyun-Jin Ryu","LAD",63.1,256,10.3737,1.8474,5.6154,1.1368,0.2852,0.0508,0.2344,0.2314,1.0895,0.2981,0.8163,3.161052417755127,3.0575569546892223,14444
2018,"Dereck Rodriguez","SFG",103.1,419,7.0548,2.5258,2.7931,0.5226,0.1933,0.0692,0.1241,0.2089,1.0548,0.25,0.79,3.393310556755127,4.30074281963287,14509
2018,"Jose Leclerc","TEX",54.2,212,13.8293,3.9512,3.5,0.1646,0.3962,0.1132,0.283,0.1243,0.8598,0.22,0.6996,1.807394706755127,2.9895752591116156,14524
2018,"Jorge Lopez","2 Tms",52.2,223,6.4937,3.7595,1.7273,0.5127,0.1704,0.0987,0.0717,0.245,1.3481,0.2893,0.7227,3.7686469697551277,4.564769373778959,14527
2018,"Keone Kela","2 Tms",52,212,11.4231,3.2885,3.4737,0.8654,0.3113,0.0896,0.2217,0.1969,1.0962,0.2705,0.76,2.968744725755127,3.3068361659462635,14696
2018,"Edwin Diaz","SEA",70.1,267,15.3555,2.0474,7.5,0.6398,0.4494,0.0599,0.3895,0.1626,0.7962,0.2893,0.8148,1.5686346017551271,1.7011846085572817,14710
2018,"Emilio Pagan","OAK",56,237,9.1607,2.7321,3.3529,1.9286,0.2405,0.0717,0.1688,0.235,1.2143,0.2635,0.8303,4.982480988755127,4.792161857656071,14771
2018,"Buck Farmer","DET",64,287,7.875,5.7656,1.3659,0.8438,0.1951,0.1429,0.0523,0.2571,1.625,0.3115,0.735,4.598552417755127,5.212062917230651,14814
2018,"Dylan Covey","CHW",103.2,468,6.5981,3.9936,1.6522,0.955,0.1624,0.0983,0.0641,0.2738,1.5531,0.3123,0.5894,4.463302802755127,4.4858956763372255,14825
2018,"Michael Lorenzen","CIN",67.1,286,6.5495,3.8762,1.6897,0.6683,0.1713,0.1014,0.0699,0.2471,1.3663,0.2886,0.7701,4.052141967755127,4.435887163661432,14843
2018,"Zack Godley","ARI",167.1,742,9.4124,4.0877,2.3026,0.8606,0.2358,0.1024,0.1334,0.2538,1.4462,0.324,0.6736,3.890136227755127,3.9598462504817746,14862
2018,"Caleb Smith","MIA",77.1,326,10.2414,3.8405,2.6667,1.1638,0.2699,0.1012,0.1687,0.2172,1.2414,0.276,0.7412,3.9627769007551272,4.417451793080869,14875
2018,"Taylor Williams","MIL",50,223,10.08,4.5,2.24,1.08,0.2511,0.1121,0.139,0.2437,1.46,0.3111,0.7165,4.041052417755127,4.066602911949158,14899
2018,"Jon Gray","COL",161.1,690,9.7066,2.6219,3.7021,1.2831,0.2522,0.0681,0.1841,0.2543,1.2955,0.3159,0.6838,3.842870739755127,3.392072724426305,14916
2018,"Reyes Moronta","SFG",61,248,10.7705,5.459,1.973,0.5902,0.2944,0.1492,0.1452,0.1517,1.1311,0.209,0.7729,3.4397409417551272,4.157670052032002,14966
2018,"Chad Kuhl","PIT",85,373,8.5765,3.4941,2.4545,1.4824,0.2172,0.0885,0.1287,0.2649,1.4353,0.3112,0.7425,4.702228887755127,4.329252111035235,14975
2018,"German Marquez","COL",177.1,745,10.0996,2.7406,3.6852,1.0658,0.2671,0.0725,0.1946,0.2416,1.235,0.311,0.7237,3.5050374447551267,3.269470372739495,15038
2018,"Lou Trivino","OAK",71.1,284,9.9673,3.9112,2.5484,0.757,0.2782,0.1092,0.169,0.1865,1.0935,0.2455,0.8782,3.3853515877551272,3.472721301769436,15043
2018,"Kevin McCarthy","KCR",63.2,256,5.3717,2.5445,2.1111,0.8482,0.1484,0.0703,0.0781,0.2542,1.2251,0.2813,0.7682,4.134873896755127,3.6879911933405345,15240
2018,"Shane Carle","ATL",59,242,6.4068,3.8136,1.68,0.3051,0.1736,0.1033,0.0702,0.2166,1.2203,0.2601,0.737,3.449188010755127,4.296209951881635,15258
2018,"Adam Cimber","2 Tms",63,257,7.7143,2,3.8571,0.7143,0.2101,0.0545,0.1556,0.2636,1.2222,0.3222,0.7297,3.3356555917551267,3.326337954685801,15288
2018,"Austin Pruitt","TBR",60,250,5.7,2.1,2.7143,1.05,0.152,0.056,0.096,0.2596,1.25,0.2842,0.6042,4.161052417755127,4.54374311392506,15290
2018,"Steven Brault","PIT",83.2,378,7.9602,5.8088,1.3704,0.753,0.1958,0.1429,0.0529,0.2405,1.5538,0.2936,0.7254,4.702884472755127,5.154987611246265,15291
2018,"Andrew Heaney","LAA",170,704,8.7353,2.1706,4.0244,1.2176,0.2344,0.0582,0.1761,0.2427,1.1765,0.2912,0.711,3.843405358755127,3.7361969276386153,15423
2018,"Matthew Boyd","DET",165.1,678,8.4375,2.6673,3.1633,1.1976,0.2286,0.0723,0.1563,0.2136,1.0948,0.2494,0.7196,4.104600994755128,4.6623825035224895,15440
2018,"Nick Pivetta","PHI",149.1,632,10.4263,2.7723,3.7609,1.3259,0.2737,0.0728,0.2009,0.2565,1.3058,0.329,0.7033,3.783820413755127,3.4280908400946073,15454
2018,"Marco Gonzales","SEA",150.2,627,7.7655,1.6726,4.6429,0.9558,0.2073,0.0447,0.1627,0.2749,1.2677,0.3289,0.7102,3.492910750755127,3.5922561160244566,15467
2018,"Lucas Giolito","CHW",159.1,703,6.6088,4.5753,1.4444,1.4121,0.1664,0.1152,0.0512,0.2401,1.4247,0.2597,0.6602,5.520885546755127,5.450635754336799,15474
2018,"Antonio Senzatela","COL",73.2,324,6.8416,3.0543,2.24,0.9774,0.1728,0.0772,0.0957,0.2736,1.4389,0.3147,0.6851,4.192726158755127,4.529730228126231,15488
2018,"Chad Green","NYY",69.2,276,10.8517,1.8086,6,1.0335,0.3043,0.0507,0.2536,0.2299,1.0622,0.3077,0.8621,2.888325275755127,3.292093616053634,15552
2018,"Yefry Ramirez","BAL",55.2,249,8.8922,4.8503,1.8333,1.1317,0.2209,0.1205,0.1004,0.2465,1.491,0.3007,0.6736,4.652069488755127,5.005210802821215,15655
2018,"Miguel Castro","BAL",81.1,358,6.0861,5.5328,1.1,0.8852,0.1536,0.1397,0.014,0.2376,1.5,0.2667,0.7513,5.115971250755128,5.4415155583308055,15684
2018,"Luis Castillo","CIN",154.2,651,9.194,2.5603,3.5909,1.6293,0.2427,0.0676,0.1751,0.2471,1.2478,0.2902,0.6907,4.402431459755127,3.618729599872939,15689
2018,"Brad Keller","KCR",127.1,528,6.1492,3.2513,1.8913,0.4948,0.1648,0.0871,0.0777,0.25,1.3037,0.2927,0.7775,3.640110134755127,4.235501323972095,15734
2018,"Joe Jimenez","DET",59,250,10.9831,3.2034,3.4286,0.7627,0.288,0.084,0.204,0.2124,1.1695,0.2886,0.6154,3.042408350755127,3.9282502476946783,15761
2018,"Masahiro Tanaka","NYY",148,595,9.2432,2.0676,4.4706,1.3986,0.2555,0.0571,0.1983,0.2288,1.0878,0.2737,0.8012,3.938079444755127,3.4020308505240324,15764
2018,"Adam Plutko","CLE",69,291,7.3043,2.4783,2.9474,2.4783,0.1924,0.0653,0.1271,0.2583,1.2899,0.2602,0.7729,5.987139373755127,5.255866862336795,15846
2018,"Sean Manaea","OAK",160.2,654,6.0498,1.7925,3.375,1.1763,0.1651,0.0489,0.1162,0.2296,1.0768,0.2474,0.752,4.262711939755127,4.321381109253189,15873
2018,"Fernando Romero","MIN",55.2,247,7.2754,3.0719,2.3684,0.9701,0.1822,0.0769,0.1053,0.2715,1.4192,0.3176,0.7088,4.3466804497551275,4.547648269465651,15885
2018,"Luis Severino","NYY",179.1,729,10.3885,2.1078,4.9286,0.9535,0.284,0.0576,0.2263,0.2387,1.1431,0.3151,0.7456,2.9993423507551276,3.0679496331894547,15890
2018,"Victor Arano","PHI",55,226,9.3273,2.4545,3.8,0.6545,0.2522,0.0664,0.1858,0.2333,1.1636,0.302,0.8249,2.906506963755127,3.7628143429756165,15915
2018,"Ryne Stanek","TBR",60.1,238,10.7403,3.8785,2.7692,0.895,0.3025,0.1092,0.1933,0.1848,1.0773,0.2481,0.8333,3.409671338755127,4.087842218156436,15947
2018,"David Hess","BAL",87,384,6,3.1034,1.9333,1.6552,0.151,0.0781,0.0729,0.2672,1.4138,0.281,0.6754,5.459902991755127,5.5560130827385805,16130
2018,"Carlos Rodon","CHW",110.1,451,6.852,3.9154,1.75,1.0604,0.1863,0.1064,0.0798,0.1904,1.1148,0.2088,0.7909,4.719965274755126,5.209101721510526,16137
2018,"Aaron Nola","PHI",193.2,757,9.3408,2.3701,3.9412,0.6971,0.2655,0.0674,0.1982,0.1957,0.9707,0.2521,0.815,2.975166047755127,3.2389731424832218,16149
2018,"Eric Skoglund","KCR",56.2,243,6.8294,2.7,2.5294,1.7471,0.177,0.07,0.107,0.267,1.3412,0.2874,0.6402,5.3316393757551275,4.644317742566406,16155
2018,"Justin Anderson","LAA",53.2,230,11.0683,6.0373,1.8333,0.5031,0.287,0.1565,0.1304,0.2053,1.3975,0.2975,0.7888,3.664157694755127,4.10691593700475,16201
2018,"Kyle Freeland","COL",182.2,758,7.8339,3.1533,2.4844,0.8376,0.2098,0.0844,0.1253,0.2311,1.2208,0.2773,0.8236,3.7796654427551273,4.143065160486386,16256
2018,"Ryan Borucki","TOR",76,333,5.9211,2.9605,2,0.5921,0.1502,0.0751,0.0751,0.2712,1.4211,0.3108,0.6602,3.766315574755127,4.77998529194217,16350
2018,"Tyler Mahle","CIN",112,507,8.8393,4.2589,2.0755,1.7679,0.217,0.1045,0.1124,0.2772,1.5893,0.3229,0.7523,5.250338131755127,4.451607745220619,16358
2018,"Reynaldo Lopez","CHW",175.2,746,7.0702,3.5863,1.9714,1.2296,0.185,0.0938,0.0912,0.2342,1.2865,0.2619,0.746,4.732209614755127,5.269006367691116,16400
2018,"Yonny Chirinos","TBR",81,338,7.4444,2.4444,3.0455,0.7778,0.1982,0.0651,0.1331,0.2572,1.2593,0.308,0.6893,3.6301882197551265,4.097175598659633,16401
2018,"Ryan Yarbrough","TBR",135.1,573,7.7808,2.9926,2.6,1.1305,0.2042,0.0785,0.1257,0.2418,1.2635,0.2817,0.7523,4.217702923755127,4.366489692434325,16502
2018,"Austin Gomber","STL",64.1,280,7.5544,3.9171,1.9286,0.4197,0.1929,0.1,0.0929,0.2581,1.4301,0.3194,0.719,3.5807417537551274,4.745946116200504,16561
2018,"Jonathan Holder","NYY",61.1,247,8.3641,2.0543,4.0714,0.4402,0.2308,0.0567,0.1741,0.2026,0.9946,0.2558,0.6401,2.671921717755127,4.351904669928339,16588
2018,"Luke Weaver","STL",136.1,609,7.9878,3.5648,2.2407,1.2543,0.1987,0.0887,0.11,0.2717,1.4963,0.318,0.6874,4.452006277755127,4.457450764437979,16918
2018,"Elieser Hernandez","MIA",61.2,266,6.2757,3.6486,1.72,1.4595,0.1617,0.094,0.0677,0.2678,1.4432,0.2903,0.7143,5.188078348755127,5.731481753421855,16933
2018,"Sean Newcomb","ATL",155.1,656,8.5751,4.2876,2,0.927,0.2256,0.1128,0.1128,0.2238,1.3133,0.2734,0.7448,4.043026855755127,4.298878400450514,16943
2018,"Trevor Williams","PIT",153.2,633,6.3254,2.8698,2.2041,0.8785,0.1706,0.0774,0.0932,0.2276,1.1779,0.256,0.7561,4.059099944755127,4.660277865250701,16977
2018,"Daniel Mengden","OAK",106.1,440,5.4169,1.9467,2.7826,1.2696,0.1455,0.0523,0.0932,0.2343,1.1285,0.2448,0.6765,4.524689208755127,4.710049418275582,16980
2018,"Trevor Hildenberger","MIN",69,293,8.2174,3,2.7391,1.5652,0.215,0.0785,0.1365,0.2425,1.2754,0.2746,0.724,4.682791547755127,3.8102361234201902,17002
2018,"Pablo Lopez","MIA",58.2,247,7.0568,2.7614,2.5556,1.2273,0.1862,0.0729,0.1134,0.2489,1.2614,0.2807,0.7485,4.4905971167551275,4.153649069758016,17085
2018,"Raisel Iglesias","CIN",64.2,260,9.6031,2.9227,3.2857,1.5309,0.2654,0.0808,0.1846,0.2025,1.067,0.2357,0.9173,4.305381724755128,3.6264682482695485,17130
2018,"Domingo German","NYY",82.1,359,10.3846,3.498,2.9688,1.6397,0.2646,0.0891,0.1755,0.2384,1.3239,0.2911,0.6413,4.533522608755127,3.990570655561813,17149
2018,"Edgar Santana","PIT",64.1,260,7.5544,1.5389,4.9091,0.8394,0.2077,0.0423,0.1654,0.2317,1.057,0.2742,0.7987,3.347581011755127,3.752530721860206,17355
2018,"Heath Fillmyer","KCR",68,290,5.6912,3.9706,1.4333,1.1912,0.1483,0.1034,0.0448,0.2558,1.4118,0.2767,0.7026,5.028699475755127,4.886860967427492,17466
2018,"Jack Flaherty","STL",138.1,558,10.9301,3.3831,3.2308,1.1711,0.3011,0.0932,0.2079,0.1915,1.0627,0.2484,0.8346,3.768281478755127,3.521380891610465,17479
2018,"Jose Alvarado","TBR",60,245,10.65,4.05,2.6296,0.15,0.2898,0.1102,0.1796,0.1751,1.0833,0.2552,0.7585,2.411052417755127,3.3505163197716077,17780
2018,"Jarlin Garcia","MIA",63.1,267,5.6842,3.5526,1.6,2.2737,0.1498,0.0936,0.0562,0.2397,1.3105,0.2258,0.7756,6.3663172617551265,5.064044168651218,18282
2018,"Andrew Suarez","SFG",145.1,601,7.4931,2.4151,3.1026,1.3624,0.2013,0.0649,0.1364,0.2625,1.2798,0.2998,0.7188,4.3101352497551275,3.6718711116119205,18300
2018,"Jaime Barria","LAA",114.2,476,6.907,2.9041,2.3784,1.2558,0.1849,0.0777,0.1071,0.2465,1.2558,0.2758,0.8136,4.538958993755127,4.770319484243192,18356
2018,"Kenta Maeda","LAD",119.1,508,10.8603,3.243,3.3488,0.905,0.2835,0.0846,0.1988,0.2386,1.2821,0.3213,0.7204,3.236471432755127,3.4654877756240943,18498
2018,"A.J. Minter","ATL",57.1,239,10.2035,2.9826,3.4211,0.4709,0.272,0.0795,0.1925,0.2385,1.2384,0.3267,0.7413,2.672680041755127,3.49042444242799,18655
2018,"Freddy Peralta","MIL",73.2,303,11.1176,4.7647,2.3333,0.9774,0.3003,0.1287,0.1716,0.1769,1.1538,0.236,0.6812,3.853359796755127,4.34730459601337,18679
2018,"Seung Hwan Oh","2 Tms",64.2,262,10.299,2.366,4.3529,1.1134,0.2824,0.0649,0.2176,0.2116,1.0515,0.2704,0.8388,3.4548666987551266,3.9920159313096715,18719
2018,"Drew Steckenrider","MIA",61.1,261,10.4185,3.962,2.6296,1.0272,0.272,0.1034,0.1686,0.2328,1.3207,0.3052,0.7377,3.748009257755127,4.068523751825826,18806
2018,"Seranthony Dominguez","PHI",52,208,11.5962,3.2885,3.5263,0.6923,0.3221,0.0913,0.2308,0.1676,0.9615,0.2368,0.7231,2.911052417755127,3.0227164261043074,19249
2018,"Trevor Richards","MIA",107.2,474,8.9443,4.1796,2.14,1.0867,0.2257,0.1055,0.1203,0.2554,1.4582,0.3144,0.7024,4.275603155755127,4.531412953335163,19309
2018,"Eric Lauer","SDP",100.2,456,7.957,3.8444,2.0698,1.2517,0.1952,0.0943,0.1009,0.2843,1.5795,0.3344,0.7271,4.631250605755127,4.529607959998524,19316
2018,"Joey Lucchesi","SDP",115.1,484,9.5983,3.1214,3.075,1.3266,0.2541,0.0826,0.1715,0.2432,1.2746,0.3,0.7862,4.088798349755127,3.5760087193231964,19320
2018,"Hector Velazquez","BOS",76.2,336,5.6348,3.0522,1.8462,0.8217,0.1429,0.0774,0.0655,0.2928,1.5,0.3293,0.7914,4.348008422755127,4.712133748561753,19341
2018,"Walker Buehler","LAD",118.2,470,9.9354,2.3511,4.2258,0.9101,0.2787,0.066,0.2128,0.2,0.9944,0.2568,0.789,3.1526254547551273,3.174156763114045,19374
2018,"Shane Bieber","CLE",98,414,9.551,1.7449,5.4737,0.9184,0.2512,0.0459,0.2053,0.2824,1.3265,0.362,0.7034,3.007991193755127,3.26566281799151,19427
2018,"Jordan Hicks","STL",71,306,7.9859,4.6901,1.7027,0.2535,0.2059,0.1209,0.085,0.2061,1.2817,0.264,0.7458,3.611756642755127,4.129522470269405,19618
2018,"Shohei Ohtani","LAA",51.2,211,10.9742,3.8323,2.8636,1.0452,0.2986,0.1043,0.1943,0.2021,1.1613,0.2689,0.7985,3.5675037677551273,3.528296590761415,19755
2018,"Yoshihisa Hirano","ARI",63.2,250,7.7749,2.9686,2.619,0.8482,0.22,0.084,0.136,0.207,1.0681,0.247,0.8279,3.742203945755127,4.02168561675695,19756