Season,Name,Tm,PA,GB/FB,LD%,GB%,FB%,IFFB%,HR/FB,IFH%,BUH%,Pull%,Cent%,Oppo%,Soft%,Med%,Hard%,playerId
2018,"Victor Martinez","DET",494,1.115646258,0.245145631,0.398058252,0.356796116,0.102040816,0.061224489,0.030487804,1,0.431,0.3172,0.2518,0.1574,0.4818,0.3608,393
2018,"Adrian Beltre","TEX",446,1.14953271,0.272151898,0.389240506,0.338607594,0.084112149,0.112149532,0.089430894,0,0.3924,0.3291,0.2785,0.1456,0.4209,0.4335,639
2018,"Todd Frazier","NYM",430,0.833333333,0.186619718,0.369718309,0.443661971,0.126984126,0.142857142,0.066666666,0,0.507,0.2993,0.1937,0.1761,0.4049,0.419,785
2018,"Albert Pujols","LAA",498,1.072847682,0.223325062,0.401985111,0.374689826,0.178807947,0.125827814,0.037037037,0,0.469,0.3524,0.1787,0.1886,0.3871,0.4243,1177
2018,"Wilson Ramos","2 Tms",393,2.183098591,0.212543554,0.540069686,0.247386759,0.070422535,0.211267605,0.038709677,0,0.4077,0.3101,0.2822,0.1742,0.4216,0.4042,1433
2018,"Chase Utley","LAD",180,1.181818181,0.244094488,0.409448818,0.346456692,0.09090909,0.022727272,0.038461538,0,0.3594,0.375,0.2656,0.1484,0.5078,0.3438,1679
2018,"Jose Reyes","NYM",235,1.23076923,0.18079096,0.451977401,0.367231638,0.215384615,0.061538461,0.05,1,0.4302,0.3296,0.2402,0.2905,0.4525,0.257,1736
2018,"Joe Mauer","MIN",492,2.289156626,0.252054794,0.520547945,0.22739726,0.036144578,0.072289156,0.015789473,0,0.267,0.4005,0.3324,0.1308,0.4305,0.4387,1857
2018,"Jose Bautista","3 Tms",378,0.704081632,0.185365853,0.336585365,0.47804878,0.163265306,0.122448979,0.072463768,0,0.4976,0.3122,0.1902,0.1805,0.4244,0.3951,1887
2018,"Adrian Gonzalez","NYM",187,1.34090909,0.242647058,0.433823529,0.323529411,0.022727272,0.136363636,0,1,0.4453,0.3285,0.2263,0.1241,0.4745,0.4015,1908
2018,"David Peralta","ARI",580,1.752066115,0.19951923,0.509615384,0.290865384,0.057851239,0.231404958,0.056603773,0,0.3894,0.351,0.2596,0.1635,0.351,0.4856,2136
2018,"Edwin Encarnacion","CLE",532,0.838709677,0.185714285,0.371428571,0.442857142,0.103225806,0.2,0.046153846,0,0.4543,0.3114,0.2343,0.1543,0.4143,0.4314,2151
2018,"Carlos Santana","PHI",628,0.896373056,0.162471395,0.395881006,0.441647597,0.176165803,0.119170984,0.063583815,0,0.4863,0.3105,0.2032,0.2192,0.4406,0.3402,2396
2018,"Nelson Cruz","SEA",542,1.131944444,0.176943699,0.436997319,0.386058981,0.118055555,0.25,0.024539877,0,0.4155,0.3351,0.2493,0.1662,0.4209,0.4129,2434
2018,"Lucas Duda","2 Tms",361,0.625,0.248888888,0.288888888,0.462222222,0.10576923,0.134615384,0.03076923,0,0.4133,0.3156,0.2711,0.1867,0.4311,0.3822,2502
2018,"Yonder Alonso","CLE",532,0.933774834,0.21081081,0.381081081,0.408108108,0.145695364,0.15231788,0.035460992,1,0.4286,0.345,0.2264,0.2049,0.4286,0.3666,2530
2018,"Zack Cozart","LAA",253,0.933333333,0.211956521,0.380434782,0.407608695,0.173333333,0.066666666,0.057142857,0,0.5135,0.2757,0.2108,0.1784,0.4541,0.3676,2616
2018,"Brandon Guyer","CLE",207,0.945454545,0.195488721,0.390977443,0.413533834,0.09090909,0.109090909,0.057692307,1,0.5,0.3162,0.1838,0.2059,0.4338,0.3603,2636
2018,"Manny Pina","MIL",317,1.168831168,0.270742358,0.3930131,0.336244541,0.116883116,0.103896103,0.044444444,0,0.4087,0.3043,0.287,0.2391,0.4261,0.3348,2829
2018,"Roberto Perez","CLE",194,1.277777777,0.127659574,0.489361702,0.382978723,0.138888888,0.055555555,0.04347826,0.09090909,0.3429,0.419,0.2381,0.1524,0.4286,0.419,2900
2018,"Tommy Pham","2 Tms",510,1.850574712,0.22741433,0.501557632,0.271028037,0.034482758,0.195402298,0.080745341,0,0.382,0.4006,0.2174,0.1273,0.382,0.4907,2967
2018,"Mitch Moreland","BOS",431,1.23076923,0.2,0.44137931,0.358620689,0.067307692,0.144230769,0.0390625,0,0.4227,0.3608,0.2165,0.1409,0.5052,0.354,3086
2018,"Robinson Chirinos","TEX",404,0.576923076,0.203883495,0.291262135,0.504854368,0.115384615,0.163461538,0.1,1,0.4976,0.314,0.1884,0.1498,0.401,0.4493,3142
2018,"Shin-Soo Choo","TEX",635,1.770642201,0.215584415,0.501298701,0.283116883,0.018348623,0.19266055,0.062176165,0.333333333,0.3737,0.3608,0.2655,0.1392,0.4304,0.4304,3174
2018,"Robinson Cano","SEA",300,1.641791044,0.206278026,0.493273542,0.30044843,0.074626865,0.119402985,0.045454545,0,0.3408,0.3587,0.3004,0.1121,0.4753,0.4126,3269
2018,"Charlie Culberson","ATL",291,1.923076923,0.208333333,0.520833333,0.270833333,0.096153846,0.23076923,0.11,1,0.4337,0.3214,0.2449,0.2041,0.4694,0.3265,3298
2018,"Martin Prado","MIA",209,1.652173913,0.24691358,0.469135802,0.283950617,0,0.02173913,0.065789473,0,0.3333,0.358,0.3086,0.1296,0.5679,0.3025,3312
2018,"Matt Joyce","OAK",233,0.881355932,0.244897959,0.353741496,0.401360544,0.050847457,0.118644067,0.019230769,1,0.4392,0.3581,0.2027,0.1554,0.4797,0.3649,3353
2018,"Nick Hundley","SFG",268,0.96875,0.275862068,0.356321839,0.367816091,0.09375,0.140625,0.016129032,0,0.4598,0.3391,0.2011,0.1897,0.3851,0.4253,3376
2018,"Ryan Braun","MIL",410,1.702380952,0.235690235,0.481481481,0.282828282,0.059523809,0.178571428,0.062937062,0.5,0.388,0.3445,0.2676,0.1639,0.4281,0.408,3410
2018,"Jeff Mathis","ARI",202,1.022727272,0.25210084,0.37815126,0.369747899,0.09090909,0,0.044444444,0.333333333,0.4262,0.3443,0.2295,0.1475,0.4672,0.3852,3448
2018,"Anthony Rizzo","CHC",611,1.073170731,0.244444444,0.391111111,0.364444444,0.085365853,0.146341463,0.056818181,0,0.4513,0.3385,0.2102,0.1681,0.4912,0.3407,3473
2018,"Eric Hosmer","SDP",631,3.105882352,0.20861678,0.598639455,0.192743764,0.094117647,0.2,0.06060606,0,0.3243,0.39,0.2857,0.2358,0.415,0.3492,3516
2018,"Rajai Davis","CLE",210,1.488888888,0.216783216,0.468531468,0.314685314,0.155555555,0.022222222,0.149253731,0,0.2973,0.3716,0.3311,0.3041,0.4257,0.2703,3708
2018,"Eric Thames","MIL",270,0.7,0.195945945,0.331081081,0.472972972,0.071428571,0.228571428,0.102040816,0,0.4392,0.3378,0.223,0.1216,0.4122,0.4662,3711
2018,"Josh Reddick","HOU",458,0.824324324,0.191616766,0.365269461,0.443113772,0.114864864,0.101351351,0.057377049,0.2,0.4543,0.3215,0.2242,0.1888,0.5103,0.3009,3892
2018,"Melky Cabrera","CLE",235,1.680851063,0.296089385,0.441340782,0.262569832,0.14893617,0.127659574,0.037974683,0,0.352,0.419,0.2291,0.1229,0.4916,0.3855,4022
2018,"Dexter Fowler","STL",334,1.069767441,0.183486238,0.422018348,0.394495412,0.046511627,0.093023255,0.065217391,0,0.4312,0.3119,0.2569,0.1972,0.4633,0.3394,4062
2018,"Michael Brantley","CLE",581,1.486301369,0.240585774,0.453974895,0.30543933,0.04109589,0.109589041,0.036866359,0,0.4071,0.3737,0.2192,0.1211,0.501,0.3779,4106
2018,"Gorkys Hernandez","SFG",424,1.360824742,0.167272727,0.48,0.352727272,0.18556701,0.154639175,0.053030303,0.444444444,0.3838,0.3521,0.2641,0.2007,0.412,0.3873,4146
2018,"Ryan Zimmerman","WSN",295,1.464788732,0.186046511,0.48372093,0.330232558,0.070422535,0.183098591,0.057692307,0,0.3209,0.4093,0.2698,0.1721,0.4186,0.4093,4220
2018,"Matt Wieters","WSN",244,0.815789473,0.211428571,0.354285714,0.434285714,0.118421052,0.078947368,0.016129032,0,0.4091,0.3636,0.2273,0.1875,0.4716,0.3409,4298
2018,"Joey Votto","CIN",583,1.224137931,0.313829787,0.377659574,0.308510638,0,0.103448275,0.063380281,0,0.3617,0.3351,0.3032,0.0957,0.4947,0.4096,4314
2018,"Daniel Murphy","2 Tms",298,0.947368421,0.247967479,0.365853658,0.386178861,0.042105263,0.105263157,0.066666666,0,0.3659,0.2683,0.3659,0.1341,0.6016,0.2642,4316
2018,"Erik Kratz","MIL",192,1.192307692,0.208333333,0.430555555,0.361111111,0.076923076,0.096153846,0.032258064,0,0.4,0.3379,0.2621,0.1172,0.4,0.4828,4403
2018,"Jed Lowrie","OAK",629,0.767195767,0.232183908,0.333333333,0.434482758,0.068783068,0.111111111,0.08275862,0,0.4174,0.3303,0.2523,0.1353,0.4656,0.3991,4418
2018,"Starlin Castro","MIA",617,1.701492537,0.202643171,0.502202643,0.295154185,0.074626865,0.089552238,0.096491228,0,0.4009,0.3811,0.2181,0.1608,0.4692,0.37,4579
2018,"Russell Martin","TOR",352,1.472222222,0.140096618,0.512077294,0.347826086,0.194444444,0.138888888,0.047169811,0,0.4058,0.3961,0.1981,0.2271,0.4734,0.2995,4616
2018,"Curtis Granderson","2 Tms",376,0.851851851,0.311926605,0.316513761,0.371559633,0.061728395,0.160493827,0.028985507,0,0.5136,0.2955,0.1909,0.1545,0.4636,0.3818,4747
2018,"Brian McCann","HOU",199,0.567164179,0.222222222,0.281481481,0.496296296,0.19402985,0.074626865,0.052631578,0,0.4412,0.3088,0.25,0.2279,0.5147,0.2574,4810
2018,"Jarrod Dyson","ARI",237,1.48,0.225,0.4625,0.3125,0.2,0.04,0.04054054,0.3125,0.3977,0.3693,0.233,0.2102,0.5625,0.2273,4866
2018,"Carlos Gomez","TBR",389,0.75,0.2125,0.3375,0.45,0.166666666,0.083333333,0.037037037,0.454545454,0.4143,0.3267,0.259,0.2072,0.4821,0.3108,4881
2018,"Mike Moustakas","2 Tms",585,0.743718592,0.209567198,0.33712984,0.453302961,0.211055276,0.130653266,0.074324324,0.666666666,0.4276,0.3326,0.2398,0.224,0.3575,0.4186,4892
2018,"Ender Inciarte","ATL",619,1.429530201,0.237894736,0.448421052,0.31368421,0.060402684,0.067114093,0.093896713,0.214285714,0.4049,0.3456,0.2495,0.1963,0.4908,0.3129,4922
2018,"Jason Heyward","CHC",451,1.341463414,0.186440677,0.466101694,0.347457627,0.178861788,0.056910569,0.06060606,0,0.427,0.3146,0.2584,0.2416,0.4607,0.2978,4940
2018,"Giancarlo Stanton","NYY",654,1.221428571,0.190104166,0.4453125,0.364583333,0.135714285,0.242857142,0.134502923,0,0.3906,0.3646,0.2448,0.1953,0.375,0.4297,4949
2018,"Asdrubal Cabrera","2 Tms",581,1.086419753,0.191387559,0.421052631,0.387559808,0.086419753,0.141975308,0.039772727,0.5,0.4763,0.3294,0.1943,0.154,0.455,0.391,4962
2018,"Luis Valbuena","LAA",288,0.821917808,0.19879518,0.361445783,0.439759036,0.09589041,0.123287671,0.083333333,1,0.4524,0.2738,0.2738,0.1607,0.4643,0.375,4969
2018,"Jefry Marte","LAA",184,1.738095238,0.166666666,0.528985507,0.304347826,0.119047619,0.119047619,0.05479452,0,0.529,0.2681,0.2029,0.1957,0.529,0.2754,5107
2018,"Alex Gordon","KCR",527,1.467289719,0.258426966,0.441011235,0.300561797,0.06542056,0.102803738,0.03821656,0,0.4073,0.3455,0.2472,0.1545,0.4635,0.382,5209
2018,"Justin Upton","LAA",575,1.152,0.222543352,0.416184971,0.361271676,0.088,0.24,0.104166666,0,0.4538,0.3353,0.211,0.159,0.396,0.4451,5222
2018,"Cameron Maybin","2 Tms",373,1.736111111,0.233463035,0.486381322,0.280155642,0.111111111,0.055555555,0.088,1,0.3784,0.4208,0.2008,0.1969,0.4788,0.3243,5223
2018,"Jon Jay","2 Tms",561,3.507246376,0.243309002,0.588807785,0.167883211,0.014492753,0.04347826,0.037190082,0.4,0.3373,0.3444,0.3183,0.1283,0.5202,0.3515,5227
2018,"Justin Turner","LAD",374,0.63114754,0.268382352,0.283088235,0.448529411,0.073770491,0.106557377,0.077922077,0,0.3787,0.3199,0.3015,0.1103,0.4412,0.4485,5235
2018,"Robbie Grossman","MIN",412,1.107843137,0.245614035,0.396491228,0.357894736,0.098039215,0.039215686,0.088495575,0,0.3693,0.3484,0.2822,0.1742,0.5052,0.3206,5254
2018,"Sandy Leon","BOS",270,1,0.170454545,0.414772727,0.414772727,0.06849315,0.06849315,0.06849315,0,0.4254,0.3536,0.221,0.2155,0.5138,0.2707,5273
2018,"Francisco Cervelli","PIT",379,0.918367346,0.196581196,0.384615384,0.418803418,0.081632653,0.112244897,0.055555555,0,0.3957,0.3447,0.2596,0.1447,0.5106,0.3447,5275
2018,"Aaron Hicks","NYY",542,1.061068702,0.210526315,0.406432748,0.383040935,0.106870229,0.183206106,0.07913669,0.428571428,0.447,0.3696,0.1834,0.1748,0.4269,0.3983,5297
2018,"Brandon Crawford","SFG",556,1.428571428,0.258974358,0.435897435,0.305128205,0.117647058,0.109243697,0.052941176,0,0.3189,0.3903,0.2908,0.1811,0.4617,0.3571,5343
2018,"Yangervis Solarte","TOR",489,1.134751773,0.216145833,0.416666666,0.3671875,0.191489361,0.120567375,0.03125,0,0.4182,0.3455,0.2364,0.2026,0.5065,0.2909,5352
2018,"Freddie Freeman","ATL",663,1.149659863,0.3174946,0.365010799,0.3174946,0.020408163,0.149659863,0.053254437,0,0.4298,0.311,0.2592,0.1102,0.4708,0.419,5361
2018,"Pablo Sandoval","SFG",252,1.698113207,0.201117318,0.502793296,0.296089385,0.132075471,0.16981132,0.055555555,0,0.3352,0.3687,0.2961,0.1564,0.4358,0.4078,5409
2018,"Jose Altuve","HOU",558,1.507936507,0.244019138,0.454545454,0.301435406,0.063492063,0.095238095,0.07368421,0.5,0.4061,0.3873,0.2066,0.1526,0.5047,0.3427,5417
2018,"Ji-Man Choi","2 Tms",201,1.204545454,0.224,0.424,0.352,0.136363636,0.227272727,0.037735849,1,0.4127,0.3333,0.254,0.127,0.4048,0.4683,5452
2018,"Jose Pirela","SDP",443,2.120481927,0.210365853,0.536585365,0.25304878,0.192771084,0.036144578,0.056818181,0,0.3191,0.4012,0.2796,0.2371,0.4103,0.3526,5485
2018,"Austin Romine","NYY",253,1.49090909,0.194117647,0.482352941,0.323529411,0.072727272,0.181818181,0.048780487,0.5,0.2616,0.4012,0.3372,0.1802,0.4593,0.3605,5491
2018,"Marwin Gonzalez","HOU",515,1.169491525,0.228915662,0.41566265,0.355421686,0.101694915,0.127118644,0.04347826,0.181818181,0.4402,0.3469,0.2128,0.1749,0.4431,0.3819,5497
2018,"Matt Kemp","LAD",480,0.921259842,0.269461077,0.350299401,0.38023952,0.05511811,0.149606299,0.042735042,0,0.4192,0.3563,0.2246,0.1317,0.4371,0.4311,5631
2018,"Devin Mesoraco","2 Tms",264,0.752808988,0.170212765,0.356382978,0.473404255,0.213483146,0.11235955,0.074626865,0,0.5106,0.2766,0.2128,0.2181,0.4574,0.3245,5666
2018,"Steven Souza Jr.","ARI",264,1,0.24691358,0.376543209,0.376543209,0.163934426,0.06557377,0.032786885,0,0.3827,0.3457,0.2716,0.1852,0.3765,0.4383,5667
2018,"Hernan Perez","MIL",318,1.104651162,0.216450216,0.411255411,0.372294372,0.093023255,0.104651162,0.147368421,0.333333333,0.359,0.4017,0.2393,0.1966,0.4615,0.3419,5751
2018,"Avisail Garcia","CHW",341,1.358024691,0.183760683,0.47008547,0.346153846,0.086419753,0.222222222,0.1,0,0.4786,0.3248,0.1966,0.1838,0.4316,0.3846,5760
2018,"Wilmer Flores","NYM",428,0.803797468,0.19263456,0.359773371,0.447592067,0.164556962,0.069620253,0.05511811,0,0.396,0.3276,0.2764,0.2408,0.4306,0.3286,5827
2018,"Leury Garcia","CHW",257,2.179487179,0.291428571,0.485714285,0.222857142,0.076923076,0.102564102,0.105882352,0.428571428,0.3187,0.3516,0.3297,0.1593,0.5495,0.2912,5913
2018,"Nick Markakis","ATL",660,1.383647798,0.27394636,0.421455938,0.304597701,0.062893081,0.088050314,0.054545454,0,0.3103,0.3889,0.3008,0.1341,0.4579,0.408,5930
2018,"Jean Segura","SEA",587,1.817518248,0.192468619,0.520920502,0.286610878,0.153284671,0.06569343,0.100401606,0.4,0.3627,0.4037,0.2336,0.2131,0.5266,0.2602,5933
2018,"Didi Gregorius","NYY",540,0.942196531,0.196172248,0.389952153,0.413875598,0.121387283,0.150289017,0.042944785,0.8,0.4019,0.3759,0.2222,0.227,0.4137,0.3593,6012
2018,"Eduardo Escobar","2 Tms",595,0.722826086,0.243436754,0.317422434,0.439140811,0.054347826,0.119565217,0.075187969,0,0.3986,0.3413,0.2601,0.1456,0.4702,0.3842,6153
2018,"J.D. Martinez","BOS",610,1.356060606,0.228287841,0.444168734,0.327543424,0.022727272,0.31060606,0.083798882,0,0.3896,0.3102,0.3002,0.1067,0.4467,0.4467,6184
2018,"Ian Kinsler","2 Tms",497,0.872727272,0.221662468,0.362720403,0.415617128,0.145454545,0.084848484,0.048611111,0,0.4358,0.3451,0.2191,0.1839,0.5139,0.3023,6195
2018,"Alcides Escobar","KCR",499,1.338582677,0.212201591,0.450928381,0.336870026,0.11023622,0.031496062,0.082352941,0.2,0.4158,0.3393,0.2449,0.1913,0.5026,0.3061,6310
2018,"Danny Valencia","BAL",282,1.373134328,0.231884057,0.444444444,0.323671497,0.074626865,0.134328358,0.076086956,0,0.4589,0.343,0.1981,0.1691,0.5024,0.3285,6364
2018,"Adam Jones","BAL",566,1.164634146,0.211111111,0.424444444,0.364444444,0.140243902,0.091463414,0.057591623,0.75,0.3943,0.3282,0.2775,0.1938,0.4824,0.3238,6368
2018,"Jordy Mercer","PIT",423,1.10576923,0.27,0.383333333,0.346666666,0.096153846,0.057692307,0.060869565,0,0.4518,0.3555,0.1927,0.1661,0.5349,0.299,6547
2018,"Freddy Galvis","SDP",606,1.212328767,0.210268948,0.432762836,0.356968215,0.047945205,0.075342465,0.09039548,0.333333333,0.3872,0.3777,0.2352,0.133,0.4751,0.3919,6609
2018,"Eduardo Nunez","BOS",486,1.496183206,0.1825,0.49,0.3275,0.190839694,0.076335877,0.096938775,0,0.3342,0.3741,0.2918,0.2544,0.4738,0.2718,6848
2018,"Mark Trumbo","BAL",358,1.223529411,0.228571428,0.424489795,0.346938775,0.105882352,0.2,0.076923076,0,0.3306,0.4041,0.2653,0.1796,0.4204,0.4,6876
2018,"Ian Desmond","COL",567,2.819277108,0.167979002,0.614173228,0.217847769,0.060240963,0.240963855,0.068376068,0,0.2958,0.4136,0.2906,0.2042,0.4503,0.3455,6885
2018,"Martin Maldonado","2 Tms",383,1.04040404,0.214007782,0.40077821,0.385214007,0.09090909,0.09090909,0.048543689,0,0.4351,0.2939,0.271,0.1718,0.5038,0.3244,6887
2018,"Yadier Molina","STL",464,1.022222222,0.252054794,0.378082191,0.369863013,0.074074074,0.133333333,0.04347826,0,0.5,0.2923,0.2077,0.1311,0.418,0.4508,7007
2018,"Caleb Joseph","BAL",259,1.057142857,0.208791208,0.406593406,0.384615384,0.042857142,0.042857142,0.054054054,0.5,0.3913,0.337,0.2717,0.1413,0.6087,0.25,7087
2018,"Logan Forsythe","2 Tms",380,1.459770114,0.198501872,0.47565543,0.325842696,0.057471264,0.022988505,0.078740157,0,0.3745,0.3146,0.3109,0.1423,0.5131,0.3446,7185
2018,"Matt Davidson","CHW",444,0.98,0.181818181,0.404958677,0.41322314,0.12,0.2,0.040816326,0,0.3967,0.3264,0.2769,0.1777,0.4339,0.3884,7226
2018,"Carlos Gonzalez","COL",475,1.308333333,0.163141993,0.474320241,0.362537764,0.125,0.125,0.070063694,1,0.3303,0.3934,0.2763,0.2102,0.4324,0.3574,7287
2018,"Salvador Perez","KCR",500,0.74556213,0.206989247,0.338709677,0.454301075,0.088757396,0.153846153,0.031746031,0,0.4651,0.328,0.207,0.1237,0.4194,0.457,7304
2018,"Ben Zobrist","CHC",468,1.564814814,0.221910112,0.474719101,0.303370786,0.046296296,0.083333333,0.047337278,0.333333333,0.4708,0.3092,0.2201,0.1198,0.5153,0.3649,7435
2018,"Alex Avila","ARI",227,1.6,0.227722772,0.475247524,0.297029702,0,0.233333333,0,0,0.505,0.2574,0.2376,0.1089,0.3861,0.505,7476
2018,"Neil Walker","NYY",371,0.989361702,0.242914979,0.376518218,0.380566801,0.053191489,0.09574468,0.05376344,0.333333333,0.452,0.32,0.228,0.176,0.456,0.368,7539
2018,"Mark Reynolds","WSN",211,1.037037037,0.17293233,0.421052631,0.406015037,0.166666666,0.24074074,0.089285714,0,0.4812,0.3459,0.1729,0.1579,0.4586,0.3835,7619
2018,"Miguel Rojas","MIA",492,1.646017699,0.233333333,0.476923076,0.289743589,0.150442477,0.097345132,0.05376344,0.25,0.3274,0.3756,0.297,0.2056,0.5381,0.2563,7802
2018,"Charlie Blackmon","COL",638,1.317567567,0.234375,0.435267857,0.330357142,0.054054054,0.175675675,0.051282051,0.5,0.4004,0.3761,0.2235,0.1659,0.4735,0.3606,7859
2018,"Jonathan Lucroy","OAK",423,1.254545454,0.255255255,0.414414414,0.33033033,0.145454545,0.027272727,0.028985507,0,0.3234,0.4072,0.2695,0.1826,0.4671,0.3503,7870
2018,"Tim Beckham","BAL",370,1.37804878,0.207317073,0.459349593,0.333333333,0.073170731,0.121951219,0.079646017,0.333333333,0.4337,0.3293,0.2369,0.2249,0.4618,0.3133,7949
2018,"Jose Martinez","STL",542,1.76635514,0.256281407,0.474874371,0.268844221,0.037383177,0.14953271,0.063492063,0,0.3116,0.3392,0.3492,0.1457,0.4623,0.392,7996
2018,"Hanley Ramirez","BOS",195,1.489795918,0.152777777,0.506944444,0.340277777,0.163265306,0.122448979,0.02739726,0,0.3819,0.3681,0.25,0.1806,0.5069,0.3125,8001
2018,"Matt Carpenter","STL",630,0.551136363,0.27393617,0.257978723,0.468085106,0.017045454,0.198863636,0.06185567,0.888888888,0.4831,0.2857,0.2312,0.0961,0.4104,0.4935,8090
2018,"Josh Harrison","PIT",359,0.989795918,0.261363636,0.367424242,0.371212121,0.102040816,0.081632653,0.082474226,0.571428571,0.4576,0.2989,0.2435,0.1808,0.4908,0.3284,8202
2018,"Dee Gordon","SEA",563,2.663043478,0.230593607,0.55936073,0.210045662,0.04347826,0.02173913,0.102040816,0.344827586,0.3298,0.3555,0.3148,0.197,0.5996,0.2034,8203
2018,"Hunter Pence","SFG",209,1.780487804,0.213793103,0.503448275,0.28275862,0.219512195,0.048780487,0.150684931,0,0.3586,0.3172,0.3241,0.2621,0.4483,0.2897,8252
2018,"Kurt Suzuki","ATL",363,0.837398373,0.228668941,0.351535836,0.419795221,0.089430894,0.097560975,0.038834951,0,0.5222,0.2935,0.1843,0.1502,0.4505,0.3993,8259
2018,"Chris Iannetta","COL",326,1.039473684,0.213197969,0.401015228,0.385786802,0.065789473,0.131578947,0.037974683,0,0.4293,0.298,0.2727,0.1364,0.4798,0.3838,8267
2018,"Denard Span","2 Tms",476,1.238938053,0.264534883,0.406976744,0.328488372,0.079646017,0.097345132,0.028571428,0.6,0.384,0.298,0.3181,0.1834,0.5043,0.3123,8347
2018,"Daniel Descalso","ARI",404,0.648148148,0.236051502,0.300429184,0.463519313,0.138888888,0.12037037,0.085714285,0,0.4979,0.2961,0.206,0.1588,0.4163,0.4249,8392
2018,"Ehire Adrianza","MIN",338,1,0.237668161,0.381165919,0.381165919,0.094117647,0.070588235,0.070588235,0.272727272,0.4615,0.3162,0.2222,0.1795,0.4573,0.3632,8418
2018,"Gerardo Parra","COL",414,1.647058823,0.254966887,0.463576158,0.281456953,0.023529411,0.058823529,0.05,0.666666666,0.373,0.3215,0.3055,0.1254,0.5305,0.3441,8553
2018,"Kendrys Morales","TOR",458,1.285714285,0.182108626,0.460063897,0.357827476,0.026785714,0.1875,0.013888888,0,0.377,0.3482,0.2748,0.1374,0.4505,0.4121,8610
2018,"Elvis Andrus","TEX",389,1.634408602,0.191419141,0.501650165,0.306930693,0.107526881,0.064516129,0.072368421,0,0.4158,0.33,0.2541,0.1683,0.4818,0.3498,8709
2018,"Justin Smoak","TOR",567,0.910344827,0.182890855,0.38938053,0.427728613,0.075862068,0.165517241,0.053030303,0,0.4867,0.2979,0.2153,0.1386,0.5221,0.3392,9054
2018,"Lorenzo Cain","MIL",579,2.340206185,0.221153846,0.545673076,0.233173076,0.06185567,0.103092783,0.114537444,0,0.3029,0.3654,0.3317,0.1803,0.4279,0.3918,9077
2018,"Khris Davis","OAK",608,0.756906077,0.160949868,0.361477572,0.477572559,0.077348066,0.23756906,0.03649635,0,0.3615,0.3931,0.2454,0.1082,0.4327,0.4591,9112
2018,"Tyler Flowers","ATL",273,1.206896551,0.219512195,0.426829268,0.353658536,0.068965517,0.120689655,0.1,0,0.4512,0.3415,0.2073,0.128,0.3841,0.4878,9134
2018,"Buster Posey","SFG",448,1.523364485,0.221902017,0.469740634,0.308357348,0.028037383,0.046728971,0.067484662,0,0.3372,0.3833,0.2795,0.1383,0.4986,0.3631,9166
2018,"Logan Morrison","MIN",359,0.705357142,0.190677966,0.334745762,0.474576271,0.133928571,0.133928571,0,0.333333333,0.4728,0.2971,0.2301,0.1841,0.4393,0.3766,9205
2018,"Paul Goldschmidt","ARI",658,1.062068965,0.254364089,0.3840399,0.361596009,0.103448275,0.227586206,0.064935064,0,0.3815,0.3591,0.2594,0.1646,0.3641,0.4713,9218
2018,"Starling Marte","PIT",559,1.556390977,0.164619164,0.508599508,0.326781326,0.075187969,0.142857142,0.106280193,0.5,0.4077,0.3549,0.2374,0.1966,0.4652,0.3381,9241
2018,"A.J. Pollock","ARI",424,1.135135135,0.204697986,0.422818791,0.372483221,0.09009009,0.162162162,0.079365079,1,0.4849,0.3344,0.1806,0.1137,0.4381,0.4482,9256
2018,"Chris Davis","BAL",508,1.018348623,0.205776173,0.400722021,0.393501805,0.055045871,0.14678899,0.054054054,0,0.405,0.3262,0.2688,0.1326,0.509,0.3584,9272
2018,"Brock Holt","BOS",331,2.222222222,0.233480176,0.528634361,0.237885462,0.055555555,0.092592592,0.058333333,1,0.4323,0.3188,0.2489,0.1921,0.5197,0.2882,9345
2018,"Evan Longoria","SFG",470,1.065217391,0.188034188,0.418803418,0.393162393,0.094202898,0.115942028,0.040816326,0,0.4217,0.3305,0.2479,0.1453,0.4245,0.4302,9368
2018,"Matt Adams","2 Tms",330,0.766990291,0.205240174,0.344978165,0.449781659,0.106796116,0.203883495,0.075949367,0,0.4847,0.3013,0.214,0.1834,0.4236,0.393,9393
2018,"David Freese","2 Tms",288,2.1,0.213197969,0.532994923,0.253807106,0.06,0.2,0.076190476,0,0.3756,0.335,0.2893,0.1675,0.4772,0.3553,9549
2018,"Yan Gomes","CLE",404,0.756756756,0.266917293,0.315789473,0.417293233,0.126126126,0.126126126,0.083333333,0,0.4211,0.3233,0.2556,0.1466,0.4173,0.4361,9627
2018,"Justin Bour","2 Tms",486,1.252427184,0.197231833,0.446366782,0.356401384,0.174757281,0.194174757,0.023255813,0.5,0.4192,0.3677,0.2131,0.2268,0.3918,0.3814,9744
2018,"Christian Vazquez","BOS",243,1.173913043,0.214659685,0.424083769,0.361256544,0.04347826,0.04347826,0.024691358,0,0.3385,0.3125,0.349,0.1771,0.5573,0.2656,9774
2018,"Jason Kipnis","CLE",561,0.738636363,0.217391304,0.332480818,0.450127877,0.096590909,0.085227272,0.03076923,0.6,0.3864,0.3687,0.2449,0.1919,0.4571,0.351,9776
2018,"Nolan Arenado","COL",617,1.048192771,0.2147806,0.401847575,0.383371824,0.126506024,0.204819277,0.040229885,0,0.3963,0.3664,0.2373,0.1498,0.4217,0.4286,9777
2018,"Kyle Seager","SEA",592,0.789189189,0.213776722,0.346793349,0.439429928,0.081081081,0.113513513,0.034246575,0,0.4479,0.3531,0.1991,0.1066,0.5237,0.3697,9785
2018,"Brian Dozier","2 Tms",612,0.917127071,0.167865707,0.398081534,0.434052757,0.165745856,0.110497237,0.072289156,1,0.5024,0.3397,0.1579,0.1699,0.4617,0.3684,9810
2018,"Andrew McCutchen","2 Tms",629,1.117241379,0.226700251,0.408060453,0.365239294,0.08275862,0.131034482,0.080246913,0,0.4358,0.3602,0.204,0.1335,0.4257,0.4408,9847
2018,"Austin Jackson","2 Tms",345,1.516129032,0.231527093,0.463054187,0.305418719,0.048387096,0.048387096,0.09574468,0,0.3627,0.4167,0.2206,0.1078,0.5833,0.3088,9848
2018,"DJ LeMahieu","COL",522,1.576,0.214634146,0.480487804,0.304878048,0.032,0.12,0.055837563,0,0.2864,0.4126,0.301,0.1553,0.483,0.3617,9874
2018,"Jay Bruce","NYM",312,0.64,0.237209302,0.297674418,0.465116279,0.05,0.08,0,0,0.4558,0.3628,0.1814,0.1442,0.5116,0.3442,9892
2018,"Brett Gardner","NYY",579,1.445255474,0.170792079,0.490099009,0.33910891,0.102189781,0.08759124,0.111111111,0.428571428,0.365,0.3723,0.2628,0.1946,0.5304,0.2749,9927
2018,"Steve Pearce","2 Tms",222,1.122807017,0.214285714,0.415584415,0.37012987,0.105263157,0.175438596,0.109375,0,0.5455,0.2792,0.1753,0.1688,0.4351,0.3961,9957
2018,"Chris Owings","ARI",280,1.134328358,0.218579234,0.415300546,0.366120218,0.104477611,0.044776119,0.105263157,1,0.3676,0.3297,0.3027,0.1676,0.4432,0.3892,10030
2018,"Wil Myers","SDP",298,1.517857142,0.257894736,0.447368421,0.294736842,0.053571428,0.178571428,0.129411764,1,0.4869,0.3508,0.1623,0.1309,0.4031,0.466,10047
2018,"Max Stassi","HOU",242,1.659090909,0.181818181,0.51048951,0.307692307,0.136363636,0.181818181,0.06849315,0,0.4476,0.3776,0.1748,0.2168,0.4196,0.3636,10059
2018,"Jonathan Villar","2 Tms",463,2.328571428,0.196551724,0.562068965,0.24137931,0.114285714,0.2,0.104294478,0.545454545,0.3821,0.3688,0.2492,0.2392,0.4352,0.3256,10071
2018,"Mike Trout","LAA",567,0.732394366,0.243076923,0.32,0.436923076,0.091549295,0.239436619,0.10576923,0,0.4123,0.3631,0.2246,0.1631,0.3908,0.4462,10155
2018,"Billy Hamilton","CIN",525,1.074380165,0.272463768,0.376811594,0.350724637,0.173553719,0.033057851,0.115384615,0.307692307,0.3492,0.3352,0.3156,0.2709,0.5391,0.1899,10199
2018,"Tucker Barnhart","CIN",491,1.471153846,0.24633431,0.448680351,0.304985337,0.086538461,0.086538461,0.019607843,0.5,0.4269,0.3266,0.2464,0.1375,0.4842,0.3782,10200
2018,"Jose Iglesias","DET",464,1.302325581,0.228571428,0.436363636,0.335064935,0.193798449,0.038759689,0.095238095,0,0.4205,0.341,0.2385,0.2103,0.5205,0.2692,10231
2018,"Randal Grichuk","TOR",428,0.786259541,0.178947368,0.361403508,0.459649122,0.160305343,0.175572519,0.067961165,0,0.4982,0.2702,0.2316,0.214,0.4175,0.3684,10243
2018,"Brandon Belt","SFG",456,0.507352941,0.288194444,0.239583333,0.472222222,0.044117647,0.102941176,0.101449275,0.666666666,0.398,0.3027,0.2993,0.1735,0.4116,0.415,10264
2018,"Marcell Ozuna","STL",586,1.374193548,0.173033707,0.478651685,0.348314606,0.096774193,0.141935483,0.056338028,0,0.4247,0.3506,0.2247,0.1551,0.3933,0.4517,10324
2018,"Scooter Gennett","CIN",601,1.116129032,0.242494226,0.399538106,0.357967667,0.064516129,0.141935483,0.069364161,0.333333333,0.3986,0.3235,0.2779,0.1572,0.451,0.3918,10339
2018,"John Ryan Murphy","ARI",207,0.63076923,0.178294573,0.317829457,0.503875968,0.184615384,0.138461538,0.170731707,0.333333333,0.4242,0.2955,0.2803,0.1894,0.3939,0.4167,10346
2018,"Domingo Santana","MIL",225,1.783783783,0.231343283,0.492537313,0.276119402,0.027027027,0.135135135,0.045454545,0,0.3881,0.4104,0.2015,0.1269,0.4701,0.403,10348
2018,"Adeiny Hechavarria","3 Tms",300,1.023255813,0.25,0.379310344,0.370689655,0.046511627,0.058139534,0.045454545,0,0.3547,0.3333,0.312,0.1581,0.4829,0.359,10459
2018,"Enrique Hernandez","LAD",423,0.834586466,0.178451178,0.373737373,0.447811447,0.17293233,0.150375939,0.036036036,0.2,0.4437,0.3411,0.2152,0.2053,0.457,0.3377,10472
2018,"Derek Dietrich","MIA",534,1.094488188,0.235632183,0.399425287,0.364942528,0.149606299,0.125984251,0.007194244,0,0.4109,0.3448,0.2443,0.1868,0.4454,0.3678,10542
2018,"Cesar Hernandez","PHI",654,1.34057971,0.204433497,0.455665024,0.339901477,0.04347826,0.094202898,0.075675675,0.6,0.4038,0.3278,0.2684,0.1948,0.5606,0.2447,10556
2018,"Corey Dickerson","PIT",499,1.048951048,0.263819095,0.376884422,0.359296482,0.083916083,0.076923076,0.066666666,1,0.31,0.365,0.325,0.185,0.4775,0.3375,10762
2018,"Jurickson Profar","TEX",547,1.237762237,0.221411192,0.430656934,0.347931873,0.132867132,0.125874125,0.073446327,0,0.3893,0.3382,0.2725,0.2092,0.4234,0.3674,10815
2018,"Jedd Gyorko","STL",366,0.942857142,0.20622568,0.385214007,0.408560311,0.085714285,0.104761904,0.04040404,0,0.4319,0.3346,0.2335,0.1634,0.4708,0.3658,10816
2018,"Andrelton Simmons","LAA",563,1.552631578,0.195020746,0.489626556,0.315352697,0.138157894,0.072368421,0.105932203,0.4,0.5051,0.3306,0.1643,0.2094,0.4292,0.3614,10847
2018,"Adam Duvall","2 Tms",417,0.642857142,0.212927756,0.30798479,0.479087452,0.158730158,0.119047619,0.086419753,0,0.4715,0.3346,0.1939,0.1825,0.4525,0.365,10950
2018,"Greg Garcia","STL",205,1.377777777,0.218978102,0.452554744,0.328467153,0.111111111,0.066666666,0.080645161,0.5,0.2897,0.3862,0.3241,0.1862,0.5379,0.2759,10951
2018,"Evan Gattis","HOU",425,0.789855072,0.16554054,0.368243243,0.466216216,0.108695652,0.18115942,0.036697247,0,0.5068,0.277,0.2162,0.1757,0.4865,0.3378,11003
2018,"Kevin Kiermaier","TBR",344,1.6,0.194690265,0.495575221,0.309734513,0.157142857,0.1,0.089285714,0.625,0.3376,0.3761,0.2863,0.2564,0.4359,0.3077,11038
2018,"Kole Calhoun","LAA",508,1.247863247,0.221893491,0.431952662,0.346153846,0.042735042,0.162393162,0.02739726,0,0.426,0.355,0.2189,0.1272,0.426,0.4467,11200
2018,"Adam Eaton","WSN",347,1.765625,0.253164556,0.476793248,0.270042194,0.125,0.078125,0.123893805,0.6,0.3239,0.3117,0.3644,0.1862,0.4818,0.332,11205
2018,"Jonathan Schoop","2 Tms",481,1.217054263,0.173410404,0.453757225,0.372832369,0.201550387,0.162790697,0.070063694,1,0.4282,0.3563,0.2155,0.2385,0.4828,0.2787,11265
2018,"Aaron Altherr","PHI",267,1.458333333,0.180555555,0.486111111,0.333333333,0.145833333,0.166666666,0.071428571,0,0.3889,0.4097,0.2014,0.2153,0.4028,0.3819,11270
2018,"Whit Merrifield","KCR",651,0.982558139,0.291060291,0.351351351,0.357588357,0.122093023,0.069767441,0.047337278,0.25,0.3505,0.3464,0.3031,0.1443,0.4825,0.3732,11281
2018,"Jake Marisnick","HOU",213,0.666666666,0.24778761,0.300884955,0.451327433,0.156862745,0.176470588,0.117647058,0.5,0.3504,0.359,0.2906,0.2222,0.4872,0.2906,11339
2018,"Jesus Aguilar","MIL",517,0.780141843,0.241691842,0.332326283,0.425981873,0.056737588,0.226950354,0,0,0.4411,0.3233,0.2356,0.1511,0.4109,0.4381,11342
2018,"Yasmani Grandal","LAD",479,1.008196721,0.166666666,0.418367346,0.414965986,0.114754098,0.18852459,0.024390243,0,0.4796,0.3367,0.1837,0.2041,0.398,0.398,11368
2018,"Delino DeShields","TEX",376,1.542857142,0.19090909,0.49090909,0.318181818,0.057142857,0.028571428,0.083333333,0.4,0.312,0.364,0.324,0.192,0.54,0.268,11379
2018,"Gary Sanchez","NYY",334,1.033707865,0.146226415,0.433962264,0.41981132,0.191011235,0.17977528,0.02173913,0,0.5047,0.316,0.1792,0.1887,0.4575,0.3538,11442
2018,"Mark Canha","OAK",388,0.90825688,0.218045112,0.372180451,0.409774436,0.14678899,0.14678899,0.131313131,0,0.4361,0.3496,0.2143,0.1955,0.4323,0.3722,11445
2018,"Tony Wolters","COL",199,1.853658536,0.164285714,0.542857142,0.292857142,0.097560975,0.073170731,0.039473684,1,0.3475,0.3475,0.305,0.1773,0.6099,0.2128,11470
2018,"Dixon Machado","DET",233,1.345454545,0.25,0.430232558,0.319767441,0.072727272,0.018181818,0.027027027,0,0.4343,0.3543,0.2114,0.16,0.52,0.32,11472
2018,"Odubel Herrera","PHI",564,1.143790849,0.186104218,0.434243176,0.379652605,0.143790849,0.137254901,0.08,0.25,0.398,0.3342,0.2678,0.2703,0.4791,0.2506,11476
2018,"Christian Yelich","MIL",597,2.326086956,0.248157248,0.525798525,0.226044226,0.04347826,0.336956521,0.060747663,0.333333333,0.3561,0.378,0.2659,0.1415,0.3805,0.478,11477
2018,"Michael A. Taylor","WSN",376,1.71641791,0.1875,0.513392857,0.299107142,0.089552238,0.089552238,0.060869565,0.5,0.3932,0.359,0.2479,0.2009,0.4786,0.3205,11489
2018,"Manny Machado","2 Tms",658,0.895734597,0.183673469,0.385714285,0.430612244,0.118483412,0.165876777,0.042328042,0,0.3796,0.3612,0.2592,0.1776,0.4429,0.3796,11493
2018,"Bryce Harper","WSN",643,1.051470588,0.216292134,0.401685393,0.382022471,0.036764705,0.25,0.041958041,0.333333333,0.429,0.2981,0.273,0.1142,0.4652,0.4206,11579
2018,"Yolmer Sanchez","CHW",607,1.68852459,0.21718377,0.491646778,0.291169451,0.073770491,0.06557377,0.048543689,0.333333333,0.3715,0.3621,0.2664,0.1682,0.5514,0.2804,11602
2018,"Willson Contreras","CHC",509,1.637254901,0.169753086,0.515432098,0.314814814,0.107843137,0.088235294,0.083832335,0.222222222,0.4114,0.3153,0.2733,0.2252,0.4775,0.2973,11609
2018,"Rosell Herrera","2 Tms",277,2.65116279,0.218905472,0.567164179,0.213930348,0.069767441,0.023255813,0.043859649,0,0.3762,0.3663,0.2574,0.198,0.4257,0.3762,11611
2018,"Elias Diaz","PIT",255,1.246575342,0.196078431,0.446078431,0.357843137,0.136986301,0.123287671,0.032967032,0,0.3775,0.3676,0.2549,0.201,0.4412,0.3578,11680
2018,"Nicholas Castellanos","DET",627,1.013071895,0.288683602,0.357967667,0.353348729,0.02614379,0.137254901,0.077419354,0,0.4596,0.2979,0.2425,0.1247,0.3995,0.4758,11737
2018,"Christian Villanueva","SDP",384,0.683760683,0.205645161,0.322580645,0.471774193,0.162393162,0.17094017,0.025,0,0.5,0.3024,0.1976,0.2339,0.4435,0.3226,11738
2018,"J.T. Realmuto","MIA",500,1.083333333,0.225352112,0.402816901,0.371830985,0.113636363,0.159090909,0.083916083,0,0.4535,0.3577,0.1887,0.1746,0.4338,0.3915,11739
2018,"Leonys Martin","2 Tms",353,0.785046728,0.176724137,0.362068965,0.461206896,0.093457943,0.102803738,0.095238095,0.636363636,0.4444,0.3004,0.2551,0.1893,0.4321,0.3786,11846
2018,"Tyler Austin","2 Tms",226,1.041666666,0.209677419,0.403225806,0.387096774,0.0625,0.333333333,0,0,0.379,0.3387,0.2823,0.1532,0.5,0.3468,11850
2018,"Joc Pederson","LAD",415,0.92248062,0.167785234,0.399328859,0.432885906,0.100775193,0.178294573,0.042016806,0,0.43,0.3433,0.2267,0.1567,0.4267,0.4167,11899
2018,"Joe Panik","SFG",351,1.561797752,0.232323232,0.468013468,0.299663299,0.08988764,0.04494382,0.028776978,0,0.3893,0.3255,0.2852,0.1946,0.4966,0.3087,11936
2018,"Travis Shaw","MIL",549,0.847560975,0.18548387,0.373655913,0.440860215,0.103658536,0.176829268,0.035971223,0.75,0.4574,0.3218,0.2207,0.2021,0.4043,0.3936,11982
2018,"Niko Goodrum","DET",458,1.382978723,0.214035087,0.45614035,0.329824561,0.042553191,0.170212765,0.092307692,1,0.4266,0.3077,0.2657,0.1643,0.4615,0.3741,12092
2018,"Max Kepler","MIN",572,0.82010582,0.158924205,0.378973105,0.462102689,0.1005291,0.1005291,0.04516129,0,0.4377,0.3203,0.2421,0.1858,0.4401,0.3741,12144
2018,"Nick Ahmed","ARI",526,1.141791044,0.252604166,0.3984375,0.348958333,0.082089552,0.119402985,0.032679738,0.5,0.3814,0.3686,0.25,0.1778,0.4278,0.3943,12147
2018,"Eddie Rosario","MIN",592,0.81,0.202643171,0.356828193,0.440528634,0.115,0.12,0.061728395,0.5,0.4345,0.3319,0.2336,0.1747,0.4607,0.3646,12155
2018,"Austin Barnes","LAD",229,2.193548387,0.208,0.544,0.248,0.096774193,0.064516129,0.088235294,0.25,0.4419,0.3488,0.2093,0.2326,0.4729,0.2946,12158
2018,"Ben Gamel","SEA",272,1.686274509,0.25136612,0.469945355,0.278688524,0.039215686,0.019607843,0.058139534,0,0.3716,0.3388,0.2896,0.1475,0.6066,0.2459,12160
2018,"Xander Bogaerts","BOS",543,1.288888888,0.20971867,0.445012787,0.345268542,0.096296296,0.155555555,0.091954022,0,0.4337,0.3444,0.2219,0.1607,0.4566,0.3827,12161
2018,"Miguel Sano","MIN",295,1.063492063,0.150326797,0.437908496,0.411764705,0.079365079,0.206349206,0.119402985,0,0.4248,0.3333,0.2418,0.1503,0.4248,0.4248,12164
2018,"Jorge Bonifacio","KCR",236,0.742424242,0.238410596,0.324503311,0.437086092,0.181818181,0.045454545,0.040816326,0,0.4641,0.3333,0.2026,0.1699,0.4771,0.3529,12174
2018,"Maikel Franco","PHI",456,1.451612903,0.169398907,0.491803278,0.338797814,0.18548387,0.177419354,0.05,0,0.4481,0.3333,0.2186,0.276,0.4454,0.2787,12179
2018,"Jorge Alfaro","PHI",365,1.767857142,0.225,0.495,0.28,0.035714285,0.160714285,0.111111111,0,0.285,0.4,0.315,0.15,0.475,0.375,12180
2018,"Scott Schebler","CIN",386,1.712328767,0.229571984,0.486381322,0.284046692,0.05479452,0.232876712,0.064,0,0.4514,0.3502,0.1984,0.1401,0.4514,0.4086,12225
2018,"Rougned Odor","TEX",493,1.058823529,0.191419141,0.415841584,0.392739273,0.109243697,0.151260504,0.063492063,0.428571428,0.4815,0.3457,0.1728,0.1481,0.3951,0.4568,12282
2018,"Cory Spangenberg","SDP",298,1.630434782,0.284023668,0.443786982,0.272189349,0.02173913,0.152173913,0.093333333,0.444444444,0.3315,0.3708,0.2978,0.1629,0.4944,0.3427,12294
2018,"Jace Peterson","2 Tms",241,1.448979591,0.189189189,0.479729729,0.331081081,0.102040816,0.061224489,0.028169014,0.333333333,0.4106,0.298,0.2914,0.1457,0.5695,0.2848,12325
2018,"Tommy La Stella","CHC",184,2.181818181,0.239130434,0.52173913,0.239130434,0.09090909,0.03030303,0.041666666,0,0.4493,0.2971,0.2536,0.2101,0.471,0.3188,12371
2018,"Kevin Pillar","TOR",512,0.901960784,0.268844221,0.346733668,0.38442211,0.176470588,0.091503267,0.079710144,0.5,0.3975,0.3575,0.245,0.215,0.44,0.345,12434
2018,"Kolten Wong","STL",384,1.609756097,0.201492537,0.492537313,0.305970149,0.146341463,0.109756097,0.098484848,0.210526315,0.4042,0.3554,0.2404,0.223,0.5157,0.2613,12532
2018,"Marcus Semien","OAK",655,1.102857142,0.223628691,0.407172995,0.369198312,0.114285714,0.068571428,0.103626943,0,0.4664,0.3025,0.2311,0.1912,0.4958,0.313,12533
2018,"C.J. Cron","TBR",512,1.056,0.216463414,0.402439024,0.38109756,0.2,0.216,0.053030303,0,0.4604,0.3293,0.2104,0.2226,0.378,0.3994,12546
2018,"John Hicks","DET",312,1.129870129,0.192118226,0.428571428,0.379310344,0.142857142,0.116883116,0.103448275,1,0.3544,0.3592,0.2864,0.2039,0.4272,0.3689,12547
2018,"Eugenio Suarez","CIN",568,1.045454545,0.256198347,0.380165289,0.363636363,0.03030303,0.242424242,0.057971014,0,0.4242,0.3609,0.2149,0.0854,0.427,0.4876,12552
2018,"Trevor Story","COL",623,0.789772727,0.227941176,0.340686274,0.431372549,0.107954545,0.1875,0.151079136,0,0.4415,0.3415,0.2171,0.161,0.3951,0.4439,12564
2018,"Brad Miller","2 Tms",254,0.983333333,0.201342281,0.395973154,0.402684563,0.066666666,0.116666666,0.050847457,1,0.34,0.42,0.24,0.1867,0.3933,0.42,12775
2018,"George Springer","HOU",586,1.455882352,0.167082294,0.493765586,0.339152119,0.088235294,0.147058823,0.106060606,0,0.399,0.3666,0.2344,0.1771,0.4788,0.3441,12856
2018,"James McCann","DET",429,1,0.212328767,0.393835616,0.393835616,0.139130434,0.069565217,0.026086956,0,0.3435,0.3878,0.2687,0.1769,0.4592,0.3639,12859
2018,"Anthony Rendon","WSN",548,0.77840909,0.245783132,0.330120481,0.424096385,0.096590909,0.119318181,0.05109489,1,0.4063,0.3293,0.2644,0.137,0.4784,0.3846,12861
2018,"Gregory Polanco","PIT",535,0.694610778,0.186781609,0.333333333,0.479885057,0.119760479,0.13772455,0.068965517,1,0.4571,0.3457,0.1971,0.2,0.46,0.34,12907
2018,"Francisco Lindor","CLE",685,0.984924623,0.225490196,0.384313725,0.390196078,0.100502512,0.175879396,0.061224489,0.5,0.4008,0.3424,0.2568,0.1518,0.4339,0.4144,12916
2018,"Alen Hanson","SFG",289,1.22077922,0.173913043,0.45410628,0.371980676,0.116883116,0.103896103,0.085106382,0.142857142,0.5234,0.3131,0.1636,0.215,0.5047,0.2804,12926
2018,"Brandon Nimmo","NYM",490,1.258064516,0.222222222,0.433333333,0.344444444,0.129032258,0.182795698,0.076923076,1,0.4228,0.3382,0.239,0.1875,0.4338,0.3787,12927
2018,"Austin Hedges","SDP",299,0.811111111,0.180904522,0.36683417,0.452261306,0.122222222,0.155555555,0.08219178,0,0.47,0.34,0.19,0.245,0.39,0.365,12976
2018,"Javier Baez","CHC",590,1.504,0.221393034,0.467661691,0.310945273,0.128,0.256,0.122340425,0.4,0.4078,0.3325,0.2597,0.1917,0.4442,0.3641,12979
2018,"Jackie Bradley Jr.","BOS",496,1.163793103,0.205696202,0.427215189,0.367088607,0.068965517,0.103448275,0.081481481,1,0.4448,0.3565,0.1987,0.1009,0.4921,0.4069,12984
2018,"Teoscar Hernandez","TOR",494,0.838461538,0.205980066,0.362126245,0.431893687,0.1,0.153846153,0.055045871,0,0.3787,0.3654,0.2558,0.1561,0.4585,0.3854,13066
2018,"Mikie Mahtook","DET",216,1.12,0.203007518,0.421052631,0.375939849,0.16,0.16,0.125,1,0.4403,0.3134,0.2463,0.2164,0.5224,0.2612,13130
2018,"Josh Bell","PIT",532,1.578947368,0.194520547,0.493150684,0.312328767,0.087719298,0.087719298,0.077777777,0,0.3433,0.3706,0.2861,0.188,0.4877,0.3243,13145
2018,"Jorge Polanco","MIN",277,0.97368421,0.257425742,0.366336633,0.376237623,0.092105263,0.078947368,0.121621621,0.428571428,0.3971,0.3062,0.2967,0.2344,0.4498,0.3158,13152
2018,"Nicky Delmonico","CHW",301,0.9875,0.171875,0.411458333,0.416666666,0.125,0.1,0.012658227,0,0.4063,0.3021,0.2917,0.1667,0.5208,0.3125,13157
2018,"Orlando Arcia","MIL",330,2.13114754,0.169565217,0.565217391,0.265217391,0.114754098,0.049180327,0.092307692,0.333333333,0.3219,0.4421,0.2361,0.2446,0.4936,0.2618,13185
2018,"Mike Zunino","SEA",374,0.920454545,0.183574879,0.391304347,0.425120772,0.147727272,0.21590909,0.061728395,0,0.5894,0.1981,0.2126,0.1787,0.4251,0.3961,13265
2018,"Joey Rickard","BAL",209,0.852459016,0.215277777,0.361111111,0.423611111,0.13114754,0.13114754,0.096153846,0,0.4138,0.3448,0.2414,0.2138,0.4897,0.2966,13277
2018,"Max Muncy","LAD",446,0.779816513,0.20164609,0.349794238,0.44855967,0.064220183,0.302752293,0.058823529,0,0.4549,0.3074,0.2377,0.127,0.4139,0.459,13301
2018,"Jake Lamb","ARI",238,1.666666666,0.178082191,0.51369863,0.308219178,0.022222222,0.133333333,0.106666666,0,0.4384,0.2945,0.2671,0.1849,0.3904,0.4247,13329
2018,"Omar Narvaez","CHW",287,1.49090909,0.286458333,0.427083333,0.286458333,0.036363636,0.127272727,0.048780487,0,0.3385,0.3846,0.2769,0.1692,0.5538,0.2769,13338
2018,"Luke Maile","TOR",224,1.418604651,0.20610687,0.465648854,0.328244274,0.139534883,0.069767441,0.081967213,0,0.4427,0.3359,0.2214,0.1527,0.4962,0.3511,13355
2018,"Tyler Naquin","CLE",183,2.322580645,0.225563909,0.541353383,0.233082706,0.032258064,0.096774193,0.083333333,0,0.2331,0.4211,0.3459,0.1579,0.4586,0.3835,13359
2018,"Stephen Piscotty","OAK",563,1.406015037,0.22330097,0.453883495,0.322815533,0.052631578,0.180451127,0.07486631,0,0.3835,0.3811,0.2354,0.1311,0.4587,0.4102,13367
2018,"Jose Ramirez","CLE",642,0.748815165,0.208154506,0.339055793,0.452789699,0.127962085,0.180094786,0.082278481,0,0.5032,0.3041,0.1927,0.1863,0.4411,0.3726,13510
2018,"Jesse Winker","CIN",334,1.240506329,0.240343347,0.420600858,0.339055793,0.088607594,0.088607594,0.051020408,0.5,0.3713,0.3713,0.2574,0.1181,0.443,0.4388,13590
2018,"Jose Peraza","CIN",639,0.994680851,0.261811023,0.368110236,0.37007874,0.079787234,0.063829787,0.080213903,0.32,0.3583,0.3565,0.2852,0.1857,0.5216,0.2927,13593
2018,"Mallex Smith","TBR",488,2.111111111,0.25,0.508928571,0.241071428,0.061728395,0.024691358,0.134502923,0.235294117,0.3059,0.3711,0.3229,0.1785,0.5382,0.2833,13608
2018,"Mookie Betts","BOS",583,0.768817204,0.207228915,0.344578313,0.448192771,0.096774193,0.155913978,0.09090909,0,0.4723,0.347,0.1807,0.1277,0.4289,0.4434,13611
2018,"Ketel Marte","ARI",540,1.8,0.184466019,0.524271844,0.291262135,0.116666666,0.091666666,0.060185185,0,0.3663,0.3855,0.2482,0.2169,0.4337,0.3494,13613
2018,"Jeimer Candelario","DET",578,1.027586206,0.181058495,0.415041782,0.403899721,0.124137931,0.131034482,0.046979865,0,0.4763,0.2869,0.2368,0.2061,0.4401,0.3538,13621
2018,"David Dahl","COL",216,1.18,0.248275862,0.406896551,0.344827586,0.04,0.2,0.050847457,0,0.4621,0.3517,0.1862,0.1655,0.4621,0.3724,13744
2018,"Chris Taylor","LAD",566,0.843283582,0.27138643,0.333333333,0.395280235,0.067164179,0.119402985,0.097345132,0.5,0.3695,0.3519,0.2786,0.129,0.4927,0.3783,13757
2018,"Travis Jankowski","SDP",368,3.020833333,0.221774193,0.584677419,0.193548387,0.0625,0.0625,0.096551724,0.266666666,0.3384,0.3308,0.3308,0.2167,0.5323,0.251,13768
2018,"Adalberto Mondesi","KCR",236,1.103448275,0.212903225,0.412903225,0.374193548,0.120689655,0.155172413,0.125,0.5,0.4311,0.3952,0.1737,0.1916,0.3892,0.4192,13769
2018,"Kevin Plawecki","NYM",248,1.333333333,0.141935483,0.49032258,0.367741935,0.070175438,0.105263157,0.105263157,0,0.4744,0.3397,0.1859,0.1923,0.4359,0.3718,13807
2018,"Matt Duffy","TBR",526,2.620253164,0.262886597,0.533505154,0.203608247,0.088607594,0.050632911,0.06763285,1,0.2879,0.3728,0.3393,0.1337,0.5501,0.3162,13836
2018,"Joey Wendle","TBR",492,1.46491228,0.217270194,0.465181058,0.317548746,0.087719298,0.061403508,0.035928143,0.666666666,0.3564,0.3564,0.2873,0.1547,0.4834,0.3619,13853
2018,"Devon Travis","TOR",368,1.775,0.215547703,0.501766784,0.282685512,0.125,0.1375,0.056338028,0,0.364,0.3322,0.3039,0.2049,0.4876,0.3074,13862
2018,"Addison Russell","CHC",461,1.273584905,0.244514106,0.423197492,0.332288401,0.141509433,0.047169811,0.088888888,0,0.3043,0.4006,0.295,0.2081,0.5,0.2919,14106
2018,"Albert Almora Jr.","CHC",456,1.712871287,0.194117647,0.508823529,0.297058823,0.118811881,0.04950495,0.098265895,0.25,0.3793,0.3333,0.2874,0.2356,0.4943,0.2701,14109
2018,"Joey Gallo","TEX",545,0.572463768,0.21090909,0.287272727,0.501818181,0.123188405,0.268115942,0.025316455,1,0.4477,0.3069,0.2455,0.1264,0.3935,0.4801,14128
2018,"Greg Bird","NYY",304,0.663157894,0.164021164,0.333333333,0.502645502,0.094736842,0.115789473,0.015873015,1,0.4715,0.3316,0.1969,0.1295,0.4663,0.4041,14131
2018,"Daniel Robertson","TBR",340,1.666666666,0.188405797,0.507246376,0.304347826,0.111111111,0.142857142,0.085714285,0,0.4155,0.3333,0.2512,0.2222,0.43,0.3478,14145
2018,"Carlos Correa","HOU",452,1.23076923,0.205479452,0.438356164,0.356164383,0.096153846,0.134615384,0.0625,0,0.3459,0.3356,0.3185,0.1747,0.5342,0.2911,14162
2018,"Jorge Soler","KCR",257,1.37735849,0.192307692,0.467948717,0.339743589,0.132075471,0.16981132,0.06849315,0,0.5321,0.2692,0.1987,0.1731,0.3974,0.4295,14221
2018,"Yasiel Puig","LAD",411,1.168224299,0.210884353,0.425170068,0.363945578,0.186915887,0.196261682,0.096,0,0.4068,0.3525,0.2407,0.2576,0.3627,0.3797,14225
2018,"Mitch Haniger","SEA",639,1.142857142,0.218009478,0.417061611,0.364928909,0.09090909,0.162337662,0.073863636,0,0.4431,0.3697,0.1872,0.1588,0.4645,0.3768,14274
2018,"Wilmer Difo","WSN",425,1.201923076,0.241721854,0.413907284,0.34437086,0.144230769,0.067307692,0.04,0.142857142,0.4013,0.343,0.2557,0.2621,0.5243,0.2136,14320
2018,"Nick Williams","PHI",447,1.372340425,0.244067796,0.437288135,0.318644067,0.053191489,0.180851063,0.015503875,0,0.348,0.402,0.25,0.1689,0.5304,0.3007,14330
2018,"Matt Olson","OAK",610,0.80116959,0.216284987,0.348600508,0.435114503,0.14619883,0.157894736,0.04379562,0,0.4112,0.3452,0.2437,0.1371,0.3883,0.4746,14344
2018,"Lewis Brinson","MIA",367,1.597402597,0.159663865,0.516806722,0.323529411,0.051948051,0.142857142,0.081300813,0,0.4458,0.3708,0.1833,0.1792,0.4292,0.3917,14352
2018,"Ronald Guzman","TEX",398,1.042553191,0.228915662,0.393574297,0.37751004,0.09574468,0.159574468,0.051020408,0,0.3775,0.3574,0.2651,0.1767,0.498,0.3253,14388
2018,"Jake Cave","MIN",260,1.555555555,0.258064516,0.451612903,0.29032258,0,0.244444444,0.042857142,0.333333333,0.3544,0.4114,0.2342,0.0886,0.5443,0.3671,14477
2018,"Renato Nunez","2 Tms",224,0.968253968,0.162162162,0.412162162,0.425675675,0.222222222,0.079365079,0.114754098,0,0.4631,0.3087,0.2282,0.2416,0.4832,0.2752,14503
2018,"Pedro Severino","WSN",213,1.055555555,0.212765957,0.404255319,0.382978723,0.222222222,0.037037037,0.017543859,0.333333333,0.4861,0.3264,0.1875,0.2292,0.5486,0.2222,14523
2018,"Nomar Mazara","TEX",496,2.086956521,0.193181818,0.545454545,0.261363636,0.076086956,0.217391304,0.088541666,0,0.3778,0.3722,0.25,0.1847,0.429,0.3864,14553
2018,"Franmil Reyes","SDP",235,1.458333333,0.202702702,0.472972972,0.324324324,0.0625,0.3125,0.071428571,0,0.3581,0.4122,0.2297,0.1419,0.4459,0.4122,14566
2018,"David Bote","CHC",183,1.966666666,0.19090909,0.536363636,0.272727272,0.066666666,0.2,0.118644067,0,0.3545,0.3727,0.2727,0.1818,0.4273,0.3909,14593
2018,"Manuel Margot","SDP",482,1.25,0.202216066,0.443213296,0.354570637,0.1484375,0.0546875,0.0625,0.5,0.3978,0.3542,0.248,0.1935,0.4196,0.3869,14712
2018,"Phillip Ervin","CIN",220,0.943396226,0.284722222,0.347222222,0.368055555,0.207547169,0.132075471,0,0.333333333,0.3469,0.3129,0.3401,0.2109,0.4354,0.3537,14738
2018,"JaCoby Jones","DET",425,1.197802197,0.236641221,0.416030534,0.347328244,0.142857142,0.12087912,0.091743119,0.2,0.4345,0.3483,0.2172,0.1685,0.4569,0.3745,14818
2018,"Tony Kemp","HOU",268,1.5,0.236842105,0.457894736,0.305263157,0.051724137,0.103448275,0.08045977,0.375,0.4949,0.2879,0.2172,0.1667,0.5303,0.303,14894
2018,"Daniel Palka","CHW",401,1.163043478,0.174273858,0.443983402,0.381742738,0.097826086,0.260869565,0.102803738,0,0.444,0.3444,0.2116,0.2158,0.4149,0.3693,14897
2018,"Andrew Knapp","PHI",193,1.026315789,0.259615384,0.375,0.365384615,0.052631578,0.105263157,0.076923076,0,0.3905,0.419,0.1905,0.1143,0.5333,0.3524,14942
2018,"Johan Camargo","ATL",479,1.286956521,0.203030303,0.448484848,0.348484848,0.173913043,0.156521739,0.074324324,0,0.4152,0.3273,0.2576,0.1939,0.4515,0.3545,14950
2018,"Victor Caratini","CHC",181,2.09375,0.22047244,0.527559055,0.251968503,0.03125,0.0625,0.059701492,1,0.3672,0.4219,0.2109,0.1797,0.5234,0.2969,14968
2018,"Johnny Field","2 Tms",217,1.037735849,0.2,0.407407407,0.392592592,0.113207547,0.132075471,0.072727272,0.75,0.4029,0.3237,0.2734,0.2158,0.4388,0.3453,15048
2018,"Adam Engel","CHW",434,1.008849557,0.183453237,0.410071942,0.40647482,0.194690265,0.053097345,0.087719298,0.571428571,0.4521,0.3048,0.2432,0.2466,0.4829,0.2705,15082
2018,"Ryan McMahon","COL",193,1.457142857,0.238938053,0.451327433,0.309734513,0.057142857,0.142857142,0.058823529,1,0.2895,0.4211,0.2895,0.193,0.4737,0.3333,15112
2018,"Hunter Dozier","KCR",345,1.139240506,0.224770642,0.412844036,0.362385321,0.088607594,0.11392405,0.1,0,0.4128,0.3349,0.2523,0.1468,0.3853,0.4679,15117
2018,"Trey Mancini","BAL",584,1.95412844,0.186868686,0.537878787,0.275252525,0.073394495,0.211009174,0.046948356,0,0.3737,0.3561,0.2702,0.197,0.4697,0.3333,15149
2018,"Mitch Garver","MIN",325,1.096385542,0.216216216,0.409909909,0.373873873,0.144578313,0.084337349,0.087912087,0,0.3901,0.3498,0.2601,0.2152,0.3857,0.3991,15161
2018,"Tim Anderson","CHW",568,1.323529411,0.2,0.455696202,0.344303797,0.051470588,0.139705882,0.083333333,0.5,0.4458,0.2846,0.2695,0.1864,0.5088,0.3048,15172
2018,"Chad Pinder","OAK",312,1.211267605,0.194871794,0.441025641,0.364102564,0.098591549,0.154929577,0.03488372,0,0.3618,0.3769,0.2613,0.1357,0.4171,0.4472,15191
2018,"Jake Bauers","TBR",350,1.271428571,0.208955223,0.442786069,0.348258706,0.1,0.157142857,0.011235955,0.333333333,0.5098,0.3137,0.1765,0.152,0.4216,0.4265,15194
2018,"Carlos Asuaje","SDP",218,1.017543859,0.206896551,0.4,0.393103448,0.105263157,0.035087719,0.034482758,0.5,0.4218,0.2993,0.2789,0.1973,0.449,0.3537,15197
2018,"Adam Frazier","PIT",314,1.597222222,0.207627118,0.487288135,0.305084745,0.027777777,0.111111111,0.034782608,0,0.3782,0.3613,0.2605,0.1471,0.5042,0.3487,15223
2018,"Jeff McNeil","NYM",196,1.015873015,0.211180124,0.397515527,0.391304347,0.111111111,0.047619047,0.09375,0.666666666,0.372,0.3476,0.2805,0.2134,0.4695,0.3171,15362
2018,"Kris Bryant","CHC",417,0.816513761,0.25,0.337121212,0.412878787,0.100917431,0.110091743,0.13483146,0,0.4924,0.3144,0.1932,0.1818,0.4924,0.3258,15429
2018,"Ryon Healy","SEA",494,1.271317829,0.190607734,0.453038674,0.356353591,0.124031007,0.186046511,0.030487804,0.5,0.4478,0.3489,0.2033,0.1731,0.4808,0.3462,15447
2018,"Hunter Renfroe","SDP",393,0.833333333,0.205323193,0.36121673,0.433460076,0.157894736,0.201754385,0.094736842,0,0.5057,0.308,0.1863,0.1787,0.3536,0.4677,15464
2018,"Victor Reyes","DET",209,2.138888888,0.266233766,0.5,0.233766233,0.111111111,0.027777777,0.064935064,0.571428571,0.3292,0.3354,0.3354,0.1925,0.4658,0.3416,15487
2018,"Amed Rosario","NYM",538,1.569105691,0.20802005,0.483709273,0.308270676,0.113821138,0.073170731,0.056994818,0.4,0.349,0.4158,0.2351,0.2079,0.5074,0.2847,15518
2018,"Tyler White","HOU",199,0.948275862,0.169117647,0.404411764,0.426470588,0.137931034,0.206896551,0.054545454,0,0.4412,0.3676,0.1912,0.2206,0.4265,0.3529,15564
2018,"Aaron Judge","NYY",447,1.174418604,0.214285714,0.424369747,0.361344537,0.046511627,0.302325581,0.07920792,0,0.4244,0.2983,0.2773,0.1303,0.3908,0.479,15640
2018,"Jose Abreu","CHW",553,1.277372262,0.212121212,0.441919191,0.345959595,0.138686131,0.160583941,0.057142857,0,0.3914,0.399,0.2096,0.1717,0.4495,0.3788,15676
2018,"Chance Sisco","BAL",184,1.189189189,0.129032258,0.473118279,0.397849462,0,0.054054054,0,1,0.383,0.3511,0.266,0.1383,0.5319,0.3298,15694
2018,"Miguel Andujar","NYY",555,1.346938775,0.205069124,0.456221198,0.338709677,0.1292517,0.163265306,0.111111111,0,0.4747,0.2972,0.2281,0.1959,0.4493,0.3548,15878
2018,"Aledmys Diaz","TOR",415,0.978723404,0.172106824,0.409495548,0.418397626,0.113475177,0.127659574,0.123188405,0,0.457,0.3175,0.2255,0.1899,0.4866,0.3234,15937
2018,"Willy Adames","TBR",275,1.518518518,0.175757575,0.496969696,0.327272727,0.092592592,0.166666666,0.121951219,0,0.3772,0.3413,0.2814,0.1916,0.479,0.3293,15986
2018,"Cody Bellinger","LAD",597,0.974193548,0.196850393,0.396325459,0.406824146,0.148387096,0.148387096,0.099337748,0,0.4503,0.3272,0.2225,0.178,0.4241,0.3979,15998
2018,"Austin Slater","SFG",211,3.95,0.208,0.632,0.16,0.1,0.05,0.050632911,0,0.2778,0.3651,0.3571,0.2063,0.4206,0.373,16153
2018,"Trea Turner","WSN",686,1.466257668,0.169421487,0.493801652,0.336776859,0.128834355,0.104294478,0.096234309,0.538461538,0.4225,0.3581,0.2193,0.1932,0.4909,0.3159,16252
2018,"Yairo Munoz","STL",303,2.28,0.2,0.55609756,0.243902439,0.02,0.16,0.070175438,1,0.3786,0.3689,0.2524,0.1456,0.4903,0.3641,16313
2018,"Michael Conforto","NYM",583,1.203125,0.207865168,0.432584269,0.359550561,0.0859375,0.203125,0.077922077,0,0.441,0.3146,0.2444,0.1657,0.4691,0.3652,16376
2018,"Rhys Hoskins","PHI",605,0.57368421,0.204787234,0.289893617,0.505319148,0.110526315,0.163157894,0.091743119,0,0.516,0.2979,0.1862,0.1888,0.4681,0.3431,16472
2018,"Kyle Schwarber","CHC",478,1.148514851,0.19330855,0.431226765,0.375464684,0.0990099,0.247524752,0.051724137,0.6,0.4307,0.3321,0.2372,0.1642,0.427,0.4088,16478
2018,"Matt Chapman","OAK",569,0.96,0.201086956,0.391304347,0.407608695,0.14,0.153333333,0.0625,0,0.4038,0.3415,0.2547,0.1734,0.393,0.4336,16505
2018,"Isiah Kiner-Falefa","TEX",375,2.136363636,0.25,0.510869565,0.239130434,0.09090909,0.06060606,0.056737588,0.142857142,0.3922,0.3145,0.2933,0.1802,0.523,0.2968,16512
2018,"Ozzie Albies","ATL",638,0.954545454,0.210204081,0.385714285,0.404081632,0.095959595,0.111111111,0.079365079,0.5,0.4456,0.3085,0.246,0.1633,0.4859,0.3508,16556
2018,"Greg Allen","CLE",269,1.482142857,0.248648648,0.448648648,0.302702702,0.089285714,0.035714285,0.060240963,0.2,0.3538,0.3846,0.2615,0.1385,0.5026,0.359,16623
2018,"Colin Moran","PIT",436,1.651685393,0.260188087,0.460815047,0.278996865,0.04494382,0.101123595,0.054421768,0,0.3844,0.3156,0.3,0.1563,0.525,0.3188,16909
2018,"Gleyber Torres","NYY",438,0.768595041,0.251748251,0.325174825,0.423076923,0.082644628,0.190082644,0.064516129,0,0.4216,0.331,0.2474,0.1498,0.4634,0.3868,16997
2018,"Dustin Fowler","OAK",200,1.017241379,0.193103448,0.406896551,0.4,0.068965517,0.103448275,0.033898305,0,0.3793,0.331,0.2897,0.1793,0.4207,0.4,17098
2018,"Yoan Moncada","CHW",601,0.927007299,0.211940298,0.379104477,0.408955223,0.0729927,0.124087591,0.086614173,0.333333333,0.4201,0.3284,0.2515,0.145,0.4941,0.3609,17232
2018,"Rafael Devers","BOS",448,1.17094017,0.153333333,0.456666666,0.39,0.162393162,0.145299145,0.102189781,0.5,0.3775,0.3642,0.2583,0.202,0.457,0.3411,17350
2018,"J.T. Riddle","MIA",300,1.522388059,0.231818181,0.463636363,0.304545454,0.104477611,0.134328358,0.049019607,0,0.3812,0.3901,0.2287,0.1704,0.5022,0.3274,17642
2018,"Alex Bregman","HOU",662,0.777251184,0.225206611,0.338842975,0.435950413,0.123222748,0.142180094,0.073170731,1,0.4825,0.3278,0.1897,0.1732,0.4619,0.3649,17678
2018,"Andrew Benintendi","BOS",621,1.13125,0.240534521,0.40311804,0.356347438,0.04375,0.1,0.033149171,0,0.3889,0.3244,0.2867,0.1356,0.5822,0.2822,17901
2018,"Ian Happ","CHC",437,1.05,0.222748815,0.398104265,0.379146919,0.05,0.1875,0.059523809,0,0.3697,0.3649,0.2654,0.1706,0.436,0.3934,17919
2018,"Scott Kingery","PHI",449,0.870967741,0.241830065,0.352941176,0.405228758,0.129032258,0.056451612,0.092592592,1,0.3968,0.3839,0.2194,0.2323,0.5032,0.2645,17975
2018,"David Fletcher","LAA",307,1.164705882,0.26693227,0.39442231,0.338645418,0.188235294,0.011764705,0.06060606,0.25,0.4314,0.3216,0.2471,0.2157,0.4941,0.2902,17992
2018,"Paul DeJong","STL",441,0.724409448,0.234265734,0.321678321,0.444055944,0.141732283,0.141732283,0.163043478,0,0.4406,0.2902,0.2692,0.1888,0.4231,0.3881,18015
2018,"Harrison Bader","STL",383,1.246575342,0.280701754,0.399122807,0.320175438,0.164383561,0.150684931,0.175824175,0.333333333,0.4719,0.303,0.2251,0.2121,0.4113,0.3766,18030
2018,"Brian Anderson","MIA",631,1.817460317,0.191343963,0.521640091,0.287015945,0.063492063,0.079365079,0.03930131,0,0.3872,0.3485,0.2642,0.1617,0.4487,0.3895,18289
2018,"Dansby Swanson","ATL",516,1.146153846,0.195965417,0.429394812,0.374639769,0.123076923,0.107692307,0.053691275,0.333333333,0.4242,0.3202,0.2556,0.177,0.4635,0.3596,18314
2018,"Ronald Acuna Jr.","ATL",437,1.03539823,0.184397163,0.414893617,0.400709219,0.088495575,0.221238938,0.094017094,0,0.4276,0.3569,0.2155,0.1307,0.4064,0.4629,18401
2018,"Guillermo Heredia","SEA",313,1.352112676,0.226851851,0.444444444,0.328703703,0.126760563,0.056338028,0.0625,0.23076923,0.4148,0.2882,0.2969,0.2227,0.5066,0.2707,18721
2018,"Yuli Gurriel","HOU",532,1.25,0.189189189,0.45045045,0.36036036,0.11875,0.0625,0.095,0,0.4077,0.3626,0.2297,0.1802,0.509,0.3108,19198
2018,"Lourdes Gurriel Jr.","TOR",237,1.263157894,0.25,0.418604651,0.331395348,0.035087719,0.140350877,0.069444444,1,0.4451,0.2601,0.2948,0.1676,0.526,0.3064,19238
2018,"Shohei Ohtani","LAA",320,1.34375,0.21875,0.447916666,0.333333333,0.0625,0.3125,0.081395348,0,0.3906,0.375,0.2344,0.099,0.4792,0.4219,19755
2018,"Juan Soto","WSN",449,1.935064935,0.18115942,0.539855072,0.278985507,0.064935064,0.259740259,0.046979865,0.666666666,0.3582,0.3688,0.273,0.2021,0.4504,0.3475,20123