2.121995790965272315e-314,9.881312916824930884e-324,1.185757550018991706e-322,9.713760933001363978e-312,9.713760952447787798e-312,9.406001133344281378e-315,9.405923782426768472e-315,2.964393875047479265e-323,0.000000000000000000e+00,0.000000000000000000e+00,0.000000000000000000e+00,0.000000000000000000e+00
2.771724066717028423e-01,3.837810810810810547e-01,4.103238569355601162e-01,2.173901228797669657e-02,1.216108108108108210e-01,1.081054054054053776e-01,2.439024390243902385e-01,3.111111111111111160e-01,3.170731707317073211e-01,0.000000000000000000e+00,4.444444444444444614e-02,8.888888888888889228e-02
1.876923076923076861e-01,3.599907692307692808e-01,3.323076923076923039e-01,3.076923076923077094e-02,3.353599999999999914e-01,1.722984615384615670e-01,2.500000000000000000e-01,3.793103448275861878e-01,3.333333333333333148e-01,0.000000000000000000e+00,3.103103448275861820e-01,1.724137931034482873e-01
2.075471698113207641e-01,3.144622641509433603e-01,3.899371069182390181e-01,4.716981132075472039e-02,1.446477987421383726e-01,1.069150943396226516e-01,5.000000000000000000e-01,5.555555555555555802e-01,7.500000000000000000e-01,3.125000000000000000e-02,8.333333333333332871e-02,1.111111111111111049e-01
2.607709750566893359e-01,3.582811791383220257e-01,5.124716553287982368e-01,5.895691609977324332e-02,2.471814058956916249e-01,9.751020408163266207e-02,2.820512820512820484e-01,3.170731707317073211e-01,3.076923076923077094e-01,0.000000000000000000e+00,2.926097560975609579e-01,4.878048780487805047e-02
2.511520737327189168e-01,3.456244239631336423e-01,3.732718894009216526e-01,1.612903225806451568e-02,1.198133640552995482e-01,9.447235023041473945e-02,1.666666666666666574e-01,3.055555555555555802e-01,1.666666666666666574e-01,0.000000000000000000e+00,1.944166666666666543e-01,1.666666666666666574e-01
2.302586956521739392e-01,3.236826086956522408e-01,3.474891304347826337e-01,1.100000000000000110e-02,1.986326086956521908e-01,8.957391304347826766e-02,3.333148158435642050e-01,4.145853658536584607e-01,4.999722237653463353e-01,2.777623465363035157e-02,2.438292682926829213e-01,1.219024390243902273e-01
2.571428571428571175e-01,3.178500000000000214e-01,4.535714285714285698e-01,3.928571428571428492e-02,2.607035714285714234e-01,6.070714285714286229e-02,1.935359009096187521e-01,2.856571428571428317e-01,2.903038513644281005e-01,3.225598348493645406e-02,3.142571428571428460e-01,1.142285714285714154e-01
2.122641509433962348e-01,2.712382075471698184e-01,3.632075471698112956e-01,2.830188679245283084e-02,2.429198113207546861e-01,5.897405660377359055e-02,1.428571428571428492e-01,2.307692307692307820e-01,2.285714285714285643e-01,0.000000000000000000e+00,3.076666666666666439e-01,1.025641025641025605e-01
2.476714285714285702e-01,3.035294642857142566e-01,3.901428571428571246e-01,2.864285714285714352e-02,2.085468750000000204e-01,5.270803571428571421e-02,2.564102564102563875e-01,2.564102564102563875e-01,4.871794871794871695e-01,7.692307692307692735e-02,3.076923076923077094e-01,0.000000000000000000e+00
2.409638554216867457e-01,2.867614457831325070e-01,3.301204819277108182e-01,7.228915662650602612e-03,1.542265060240964047e-01,4.579759036144578216e-02,2.000000000000000111e-01,2.307692307692307820e-01,2.399999999999999911e-01,0.000000000000000000e+00,1.923076923076923184e-01,3.846153846153846367e-02
2.451253481894150321e-01,3.231114206128133937e-01,4.038997214484679743e-01,3.899721448467966672e-02,2.284178272980501578e-01,7.798607242339831991e-02,3.703703703703703498e-01,3.703703703703703498e-01,7.037037037037037202e-01,7.407407407407406996e-02,2.592962962962963025e-01,0.000000000000000000e+00
2.333333333333333370e-01,3.033299999999999885e-01,5.233333333333333171e-01,7.333333333333333370e-02,1.933300000000000018e-01,6.999666666666666537e-02,2.083159736688609265e-01,2.962222222222222201e-01,5.832847262728105830e-01,8.332638946754437892e-02,3.702592592592592324e-01,1.110370370370370313e-01
2.464454976303317446e-01,2.978699763593380401e-01,3.744075829383886056e-01,1.895734597156398249e-02,1.584018912529550904e-01,5.200709219858156568e-02,1.428571428571428492e-01,1.891891891891891997e-01,3.428571428571428603e-01,5.714285714285714107e-02,2.161891891891891682e-01,5.405405405405405705e-02
2.186732186732186778e-01,2.867598039215686345e-01,3.538083538083537927e-01,2.457002457002456855e-02,2.402034313725490144e-01,6.862254901960784803e-02,3.721103307130564364e-01,4.000444444444444247e-01,6.279361830782826948e-01,4.651379133913205455e-02,1.556444444444444464e-01,4.448888888888888338e-02
1.976190476190476109e-01,3.681686460807601091e-01,3.380952380952381153e-01,3.333333333333333287e-02,1.377790973871733937e-01,1.710190023752969080e-01,1.764705882352941291e-01,2.820512820512820484e-01,2.941176470588235392e-01,2.941176470588235253e-02,1.282307692307692315e-01,1.282051282051281937e-01
2.290062686567164163e-01,3.123719402985074556e-01,3.907776119402984749e-01,2.657910447761193881e-02,2.389398507462686672e-01,7.902567164179105652e-02,3.333504282270886021e-01,3.809999999999999498e-01,4.102774501256474804e-01,0.000000000000000000e+00,2.618571428571428439e-01,7.147619047619047095e-02
2.086537931034482818e-01,2.829296551724137521e-01,3.460275862068965536e-01,2.173793103448275893e-02,2.359613793103448320e-01,6.811586206896552698e-02,2.500000000000000000e-01,3.636363636363636465e-01,3.214285714285714524e-01,0.000000000000000000e+00,3.030303030303030387e-01,1.515151515151515194e-01
2.541567695961995388e-01,3.563064133016626833e-01,4.180522565320665129e-01,3.800475059382422971e-02,1.258836104513064158e-01,1.021496437054631723e-01,3.333333333333333148e-01,4.090909090909091161e-01,5.128205128205127750e-01,2.564102564102564014e-02,6.818181818181817677e-02,1.136363636363636326e-01
2.518518518518518268e-01,3.366142506142506541e-01,4.246913580246913789e-01,3.950617283950617203e-02,2.039410319410319139e-01,8.600000000000000699e-02,2.631578947368420907e-01,3.170731707317073211e-01,3.947368421052631637e-01,2.631578947368420907e-02,2.682682926829267900e-01,7.317073170731706877e-02
2.623376623376623140e-01,3.506493506493506551e-01,3.636363636363636465e-01,5.194805194805194801e-03,1.714207792207792236e-01,8.831168831168831335e-02,2.325581395348837177e-01,2.826086956521738913e-01,3.488372093023255904e-01,0.000000000000000000e+00,2.173913043478260809e-01,6.521739130434782428e-02
2.683486238532110102e-01,3.569794050343249592e-01,4.380733944954128267e-01,3.211009174311926784e-02,1.922173913043478399e-01,8.924485125858123979e-02,2.812675792237014916e-01,3.429142857142856715e-01,4.375273454590911659e-01,0.000000000000000000e+00,3.143428571428570906e-01,8.577142857142856791e-02
1.950549450549450559e-01,3.104395604395604469e-01,3.076923076923077094e-01,2.747252747252747207e-02,2.390027472527472829e-01,1.153846153846153910e-01,1.818126723432623437e-01,2.285428571428571309e-01,4.242295688009454779e-01,6.060422411442077661e-02,3.714571428571428746e-01,5.711428571428570772e-02
2.302158273381295084e-01,3.165659472422062692e-01,4.196642685851318944e-01,3.597122302158273222e-02,1.966498800959232962e-01,8.635011990407674698e-02,3.421052631578947456e-01,3.750000000000000000e-01,5.000000000000000000e-01,2.631578947368420907e-02,1.500250000000000195e-01,5.000000000000000278e-02
2.511415525114155112e-01,4.543424657534246291e-01,4.771689497716894990e-01,5.479452054794520244e-02,2.032009132420091180e-01,2.032009132420090902e-01,2.068965517241379282e-01,3.611111111111111049e-01,6.206896551724138122e-01,1.379310344827586188e-01,2.221944444444444444e-01,1.944444444444444475e-01
2.625298329355608695e-01,3.031002386634844559e-01,3.818615751789976032e-01,2.147971360381861414e-02,1.121622911694510755e-01,4.057040572792363492e-02,4.390243902439024404e-01,4.390243902439024404e-01,7.073170731707316694e-01,7.317073170731706877e-02,9.756097560975610095e-02,0.000000000000000000e+00
2.115384615384615363e-01,2.888283378746593910e-01,3.598901098901098883e-01,3.571428571428571230e-02,2.833841961852860969e-01,7.901907356948228989e-02,3.750000000000000000e-01,5.454545454545454142e-01,8.750000000000000000e-01,1.250000000000000000e-01,1.818181818181818232e-01,2.727272727272727071e-01
2.082191780821917859e-01,3.869209809264305133e-01,4.821917808219178259e-01,7.945205479452055464e-02,2.752125340599455017e-01,1.798365122615803724e-01,3.666666666666666408e-01,4.062500000000000000e-01,6.666666666666666297e-01,6.666666666666666574e-02,2.500624999999999654e-01,6.250000000000000000e-02
2.185929648241206058e-01,3.258070175438597116e-01,3.793969849246230930e-01,3.768844221105527303e-02,1.578872180451127982e-01,1.077619047619047671e-01,2.571355104139881886e-01,2.972702702702703093e-01,4.857004085597554921e-01,5.714122453644181893e-02,3.243243243243243423e-01,5.402702702702702475e-02
2.051948051948052076e-01,3.367746113989637524e-01,3.376623376623376638e-01,2.857142857142857054e-02,2.254015544041450547e-01,1.321113989637305863e-01,2.424242424242424310e-01,3.055555555555555802e-01,4.242424242424242542e-01,3.030303030303030387e-02,1.388611111111111018e-01,8.333333333333332871e-02
2.500000000000000000e-01,3.642172523961661468e-01,5.000000000000000000e-01,5.769230769230769551e-02,2.811437699680510716e-01,1.150159744408945639e-01,2.307633137611856122e-01,2.499750000000000028e-01,4.102458911309966871e-01,5.128073639137458589e-02,2.749750000000000250e-01,2.497499999999999720e-02
2.904884318766066675e-01,3.676092544987146771e-01,4.652956298200514040e-01,3.856041131105398395e-02,1.928020565552699128e-01,7.712082262210796790e-02,1.904671206133041195e-01,2.608260869565217077e-01,2.380839007666301355e-01,0.000000000000000000e+00,1.738695652173913031e-01,8.691304347826087073e-02
1.971428571428571475e-01,2.571314285714285663e-01,3.057142857142857162e-01,2.000000000000000042e-02,2.342628571428571616e-01,5.998857142857141195e-02,4.347826086956521618e-02,8.333333333333332871e-02,1.739130434782608647e-01,4.347826086956521618e-02,3.749166666666666203e-01,4.166666666666666435e-02
2.042682926829268164e-01,3.353628048780487592e-01,3.780487804878048808e-01,3.658536585365853439e-02,2.774146341463414878e-01,1.310945121951219428e-01,1.481481481481481399e-01,3.030303030303030387e-01,1.851851851851851749e-01,0.000000000000000000e+00,1.515757575757575581e-01,1.818181818181818232e-01
2.986425339366515774e-01,3.896396396396396566e-01,5.542986425339366807e-01,5.882352941176470507e-02,2.072072072072072002e-01,9.234234234234235672e-02,4.375000000000000000e-01,6.086956521739130821e-01,1.062500000000000000e+00,1.562500000000000000e-01,1.304347826086956486e-01,3.043478260869565410e-01
2.691358024691358208e-01,3.842512315270936174e-01,4.370370370370370572e-01,3.209876543209876781e-02,1.256157635467980427e-01,1.157783251231527116e-01,2.439143372847456248e-01,2.954999999999999849e-01,4.390458071125420969e-01,2.439143372847456248e-02,1.363636363636363535e-01,6.822727272727271974e-02
2.323759791122715357e-01,3.446527415143603168e-01,3.603133159268929742e-01,2.088772845953002638e-02,2.271566579634464456e-01,1.122767624020887811e-01,1.052631578947368363e-01,1.282051282051281937e-01,2.105263157894736725e-01,2.631578947368420907e-02,2.820769230769231140e-01,2.564102564102564014e-02
2.818791946308724650e-01,3.861584821428571401e-01,3.691275167785235123e-01,1.342281879194630843e-02,1.450848214285714033e-01,1.049084821428571124e-01,2.894584495552865455e-01,3.414146341463414336e-01,3.157728540603125800e-01,0.000000000000000000e+00,1.706829268292682777e-01,7.312195121951219068e-02
2.549504950495049549e-01,3.193069306930693130e-01,4.876237623762376128e-01,5.198019801980197779e-02,1.782128712871287324e-01,6.435643564356435808e-02,2.812500000000000000e-01,3.947368421052631637e-01,6.250000000000000000e-01,9.375000000000000000e-02,2.105263157894736725e-01,1.578947368421052544e-01
2.108262108262108359e-01,2.734957264957265100e-01,3.732193732193732072e-01,3.703703703703703498e-02,2.449943019943019717e-01,6.266951566951567409e-02,1.600000000000000033e-01,2.222222222222222099e-01,2.399999999999999911e-01,0.000000000000000000e+00,7.399999999999999634e-02,7.407407407407406996e-02
2.357512953367875697e-01,3.591705426356588959e-01,4.170984455958549053e-01,3.886010362694300446e-02,2.532248062015503565e-01,1.240284237726098082e-01,2.962853227658234778e-01,3.666333333333333111e-01,5.555349801859190695e-01,7.407133069145586945e-02,1.666333333333333278e-01,9.996666666666666201e-02
2.331460674157303237e-01,3.089803370786516901e-01,4.016853932584269482e-01,3.370786516853932491e-02,1.769719101123595761e-01,7.583426966292135252e-02,3.437285169676894681e-01,4.166111111111110987e-01,8.749453159177550399e-01,1.562402349853134198e-01,2.500000000000000000e-01,1.110555555555555324e-01
2.508250825082508073e-01,3.366171617161716201e-01,4.059405940594059681e-01,2.640264026402640296e-02,1.419141914191419107e-01,8.579207920792079889e-02,2.352941176470588203e-01,2.777777777777777901e-01,5.000000000000000000e-01,5.882352941176470507e-02,1.666666666666666574e-01,5.555555555555555247e-02
2.580645161290322509e-01,3.297455197132616589e-01,4.014336917562724150e-01,3.225806451612903136e-02,2.186236559139785041e-01,7.168100358422939411e-02,3.749687526039496843e-01,4.443703703703703600e-01,6.249479210065828072e-01,4.166319473377218946e-02,3.334074074074074301e-01,1.110370370370370313e-01
2.140575079872204523e-01,3.194760383386581193e-01,4.313099041533546285e-01,5.111821086261980618e-02,2.491916932907347892e-01,1.054185303514376809e-01,1.666666666666666574e-01,3.055555555555555802e-01,2.999999999999999889e-01,3.333333333333333287e-02,1.388888888888888951e-01,1.666666666666666574e-01
2.200000000000000011e-01,2.591262458471760843e-01,2.933333333333333348e-01,1.000000000000000021e-02,2.524916943521594570e-01,3.985714285714285487e-02,3.750000000000000000e-01,3.939393939393939226e-01,4.687500000000000000e-01,0.000000000000000000e+00,1.212121212121212155e-01,3.030303030303030387e-02
2.430167597765363063e-01,2.924791086350975178e-01,3.826815642458100686e-01,2.793296089385474690e-02,3.565236768802227951e-01,5.013927576601671238e-02,2.608582235554975925e-01,2.916249999999999676e-01,4.782400765184122160e-01,4.347637059258292747e-02,4.166249999999999676e-01,4.162499999999999534e-02
2.183288409703504074e-01,2.991940700808625730e-01,3.800539083557951670e-01,3.234501347708895053e-02,2.344905660377358259e-01,8.086522911051213791e-02,2.647058823529411797e-01,3.750000000000000000e-01,4.117647058823529216e-01,2.941176470588235253e-02,1.249749999999999889e-01,1.499999999999999944e-01
2.249322493224932273e-01,2.682926829268292845e-01,3.712737127371273926e-01,3.252032520325203596e-02,1.815663956639566590e-01,4.336043360433604332e-02,2.222222222222222099e-01,2.222222222222222099e-01,3.055555555555555802e-01,0.000000000000000000e+00,1.110833333333333256e-01,0.000000000000000000e+00
2.330623306233062242e-01,3.387452574525744997e-01,4.146341463414633943e-01,4.878048780487805047e-02,1.924010840108401343e-01,1.056829268292682894e-01,1.851920441497833247e-01,2.414137931034482931e-01,2.222304529797400063e-01,0.000000000000000000e+00,1.724137931034482873e-01,6.900000000000000577e-02
1.984126984126984017e-01,3.412645502645502149e-01,3.888888888888888951e-01,5.291005291005290712e-02,1.772433862433862584e-01,1.428518518518518687e-01,2.580478678794916325e-01,3.783243243243242793e-01,5.483517192439196775e-01,9.676795045480936219e-02,2.702972972972973453e-01,1.621081081081080788e-01
2.273838630806845895e-01,3.325305623471882521e-01,4.669926650366748033e-01,6.601466992665036559e-02,2.567261613691931288e-01,1.051466992665036765e-01,2.631578947368420907e-01,3.333333333333333148e-01,4.473684210526315819e-01,5.263157894736841813e-02,3.095238095238095344e-01,9.523809523809523281e-02
2.955555555555555713e-01,4.279445676274944432e-01,5.533333333333333437e-01,6.222222222222222043e-02,2.128713968957871294e-01,1.330443458980044291e-01,1.470631489161445815e-01,1.944722222222222408e-01,1.764757786993735034e-01,0.000000000000000000e+00,3.611388888888888982e-01,5.558333333333334569e-02
2.038876106194690285e-01,2.743842105263157860e-01,3.351460176991150619e-01,2.196460176991150287e-02,2.422552631578946958e-01,6.601578947368420824e-02,1.935421438018128382e-01,2.423939393939393838e-01,4.838553595045320677e-01,9.677107190090641908e-02,2.423939393939393838e-01,6.057575757575757447e-02
2.033898305084745894e-01,2.898526570048309270e-01,3.728813559322033955e-01,3.874092009685230209e-02,1.739178743961352913e-01,8.695410628019321908e-02,2.631578947368420907e-01,3.488372093023255904e-01,4.473684210526315819e-01,5.263157894736841813e-02,1.860465116279069742e-01,1.162790697674418589e-01
1.782945736434108641e-01,3.221726804123711263e-01,4.263565891472868019e-01,6.459948320413436140e-02,3.685541237113402202e-01,1.443376288659793949e-01,1.428622450801814436e-01,2.500312500000000382e-01,4.643022965105896849e-01,1.071466838101360758e-01,3.750000000000000000e-01,1.250312500000000104e-01
2.750000000000000222e-01,3.375025000000000386e-01,3.975000000000000200e-01,1.499999999999999944e-02,1.774949999999999861e-01,6.250249999999998862e-02,2.631717458813622179e-01,3.488837209302325104e-01,3.947576188220432991e-01,0.000000000000000000e+00,1.162558139534883711e-01,1.163255813953488343e-01
2.209567198177676550e-01,3.804168564920272777e-01,4.533029612756264148e-01,5.466970387243735852e-02,1.230136674259681290e-01,1.594601366742596782e-01,1.499999999999999944e-01,2.916666666666666852e-01,2.999999999999999889e-01,2.500000000000000139e-02,1.458750000000000047e-01,1.666666666666666574e-01
2.899543378995433907e-01,3.401849315068493085e-01,3.881278538812785173e-01,1.598173515981735071e-02,1.027557077625571025e-01,5.023059360730593170e-02,2.972972972972973138e-01,3.658536585365853577e-01,4.054054054054054279e-01,2.702702702702702853e-02,2.443902439024390333e-02,9.756097560975610095e-02
2.507739938080495445e-01,3.436408668730649985e-01,4.922600619195046656e-01,4.953560371517028160e-02,2.197956656346749249e-01,9.286687306501548167e-02,1.515151515151515194e-01,1.764705882352941291e-01,1.515151515151515194e-01,0.000000000000000000e+00,2.647058823529411797e-01,2.941176470588235253e-02
2.291666666666666574e-01,3.217569444444444149e-01,4.930555555555555802e-01,7.175925925925925875e-02,2.731550925925926299e-01,9.259027777777777135e-02,2.222160495541790626e-01,3.170487804878048266e-01,6.666481486625371877e-01,1.388850309713619280e-01,2.439024390243902385e-01,1.219268292682926802e-01
2.502066666666666883e-01,3.251874166666666732e-01,4.593249999999999833e-01,5.593333333333333490e-02,2.753663750000000521e-01,7.337075000000001235e-02,2.820512820512820484e-01,3.777777777777777679e-01,3.333333333333333148e-01,0.000000000000000000e+00,2.000000000000000111e-01,1.333333333333333315e-01
1.990049751243781195e-01,2.587114427860696675e-01,3.507462686567164312e-01,3.233830845771144130e-02,2.338308457711443245e-01,5.970646766169154795e-02,2.424242424242424310e-01,2.647058823529411797e-01,4.242424242424242542e-01,3.030303030303030387e-02,2.352647058823529314e-01,2.941176470588235253e-02
2.592592592592592449e-01,3.449120370370370448e-01,3.958333333333333148e-01,2.777777777777777624e-02,1.620277777777777983e-01,8.565277777777778601e-02,4.285714285714285476e-01,4.545454545454545303e-01,6.666666666666666297e-01,4.761904761904761640e-02,9.095454545454545459e-02,4.545454545454545581e-02
1.855955678670360154e-01,2.437645429362880756e-01,3.822714681440443352e-01,5.263157894736841813e-02,3.656398891966759490e-01,5.816897506925207406e-02,2.580478678794916325e-01,3.234705882352941209e-01,4.838397522740468526e-01,3.225598348493645406e-02,3.528823529411764248e-01,8.817647058823528672e-02
2.250650898470069050e-01,2.729566326530611931e-01,3.759610023580683413e-01,4.347848326589905804e-02,2.091683673469387494e-01,4.846683673469387443e-02,8.571428571428571508e-02,1.794871794871794879e-01,1.142857142857142821e-01,0.000000000000000000e+00,2.820512820512820484e-01,1.025641025641025605e-01
2.413793103448275967e-01,3.399014778325122887e-01,4.876847290640394239e-01,7.142857142857142461e-02,1.995123152709359360e-01,9.852216748768473364e-02,1.666666666666666574e-01,2.682926829268292845e-01,2.777777777777777901e-01,2.777777777777777624e-02,3.170731707317073211e-01,1.219512195121951192e-01
2.305288768570814550e-01,2.701832298136646049e-01,3.021797439883365244e-01,1.869153055597957622e-02,1.490496894409937823e-01,4.036956521739130943e-02,2.941176470588235392e-01,3.333333333333333148e-01,3.529411764705882582e-01,0.000000000000000000e+00,5.555555555555555247e-02,5.555555555555555247e-02
2.346973684210526268e-01,3.244947368421052802e-01,3.675657894736841791e-01,3.131578947368420657e-02,2.701605263157895176e-01,8.804736842105263805e-02,3.529619389375845961e-01,4.211052631578947048e-01,3.529619389375845961e-01,0.000000000000000000e+00,3.157368421052632046e-01,1.053157894736842098e-01
1.739130434782608647e-01,2.882729591836734606e-01,2.301790281329923193e-01,5.115089514066496583e-03,2.091632653061224478e-01,1.148035714285714354e-01,3.333333333333333148e-01,3.684210526315789269e-01,3.333333333333333148e-01,0.000000000000000000e+00,2.104736842105262851e-01,5.263157894736841813e-02
2.215713173652694712e-01,2.896455820895522115e-01,2.704164670658682490e-01,3.164071856287425585e-03,1.350402985074626583e-01,6.865901492537314355e-02,1.333333333333333315e-01,1.875000000000000000e-01,1.333333333333333315e-01,0.000000000000000000e+00,1.874374999999999791e-01,6.250000000000000000e-02
2.121212121212121271e-01,3.348906976744185915e-01,3.543123543123543051e-01,2.797202797202797200e-02,1.860534883720930122e-01,1.232627906976744153e-01,2.564102564102563875e-01,3.255813953488372325e-01,4.102564102564102422e-01,5.128205128205128027e-02,2.093488372093023075e-01,9.302325581395348708e-02
2.122905027932960875e-01,2.980445682451253187e-01,3.240223463687150751e-01,2.234636871508379960e-02,1.476323119777158965e-01,8.634540389972143737e-02,3.103341264094341412e-01,4.117352941176470327e-01,6.206682528188682824e-01,1.034447088031447137e-01,1.176470588235294101e-01,1.470294117647058807e-01
1.902173913043478382e-01,2.309755434782608530e-01,3.315217391304347561e-01,2.989130434782608786e-02,2.907364130434782479e-01,4.075815217391304951e-02,1.621621621621621712e-01,2.051282051282051211e-01,1.891891891891891997e-01,0.000000000000000000e+00,3.333333333333333148e-01,5.128205128205128027e-02
2.191351724137931001e-01,2.844082758620689599e-01,3.629172413793103069e-01,2.347586206896551744e-02,2.014413793103448092e-01,5.995310344827586846e-02,2.258064516129032195e-01,3.142857142857142794e-01,3.225806451612903136e-01,3.225806451612903136e-02,1.714571428571428635e-01,1.142857142857142821e-01
1.891891891891891997e-01,3.405513513513513391e-01,3.351351351351351537e-01,3.783783783783783994e-02,2.621594594594595096e-01,1.513621621621621671e-01,1.428469395043211188e-01,1.999333333333333240e-01,2.142704092564816920e-01,0.000000000000000000e+00,2.000000000000000111e-01,6.659999999999999254e-02
1.976401179941003061e-01,2.418790560471976436e-01,3.303834808259586975e-01,2.654867256637168105e-02,2.536814159292035686e-01,4.423893805309734445e-02,2.413793103448275967e-01,2.413793103448275967e-01,2.413793103448275967e-01,0.000000000000000000e+00,2.068965517241379282e-01,0.000000000000000000e+00
2.277904328018223179e-01,3.727363636363636989e-01,4.829157175398633428e-01,6.833712984054669815e-02,2.295500000000000318e-01,1.454636363636363783e-01,3.437500000000000000e-01,4.615384615384615641e-01,6.250000000000000000e-01,6.250000000000000000e-02,1.538461538461538547e-01,1.794871794871794879e-01
2.121212121212121271e-01,2.757606060606060949e-01,3.515151515151515027e-01,2.727272727272727140e-02,1.939363636363636567e-01,6.363939393939394007e-02,1.875000000000000000e-01,2.121212121212121271e-01,1.875000000000000000e-01,0.000000000000000000e+00,2.727272727272727071e-01,3.030303030303030387e-02
2.494117647058823606e-01,3.247082352941176309e-01,3.717647058823529416e-01,2.117647058823529313e-02,1.905882352941176139e-01,7.529647058823531192e-02,2.500138896605367256e-01,3.077435897435897294e-01,3.889104950275015793e-01,2.777932107339296797e-02,2.051794871794871411e-01,7.697435897435897512e-02
2.211700000000000332e-01,3.014109999999999845e-01,3.603500000000000036e-01,1.880000000000000074e-02,1.995270000000000099e-01,7.471099999999999963e-02,2.173818529629146512e-01,2.799599999999999866e-01,4.782400765184122160e-01,8.695274118516585493e-02,1.999599999999999989e-01,7.995999999999998942e-02
2.677725118483412214e-01,3.554597156398103808e-01,3.317535545023696519e-01,7.109004739336492566e-03,1.516469194312796143e-01,8.768720379146918709e-02,2.500138896605367256e-01,3.571904761904761694e-01,3.055725318073226338e-01,0.000000000000000000e+00,1.189999999999999808e-01,1.429047619047618956e-01
2.084309133489461452e-01,3.200864485981309016e-01,3.536299765807962570e-01,3.278688524590164105e-02,2.406448598130840888e-01,1.121425233644859770e-01,1.999942858775463628e-01,2.999749999999999917e-01,3.428473472186508997e-01,2.857061226822090946e-02,1.999749999999999861e-01,1.249749999999999889e-01
2.346241457858769808e-01,3.272727272727272707e-01,3.507972665148063607e-01,1.822323462414578502e-02,1.818204545454545629e-01,9.318181818181818510e-02,3.142857142857142794e-01,3.846153846153846367e-01,4.857142857142857095e-01,2.857142857142857054e-02,2.307692307692307820e-01,1.025641025641025605e-01
1.999381818181818204e-01,2.583876363636363749e-01,2.827818181818181342e-01,8.799999999999998795e-03,2.692618181818181577e-01,5.536945454545454809e-02,3.043213633597078860e-01,3.599199999999999622e-01,4.347448047995826625e-01,0.000000000000000000e+00,1.598799999999999943e-01,7.991999999999999105e-02
2.452823577294939994e-01,3.145107526881720239e-01,4.070069891994900768e-01,3.504033681849914178e-02,2.553682795698924424e-01,6.988709677419353838e-02,2.272727272727272652e-01,2.272727272727272652e-01,2.727272727272727071e-01,0.000000000000000000e+00,2.727272727272727071e-01,0.000000000000000000e+00
2.517635211128418371e-01,3.231896955503513191e-01,4.494096498369419268e-01,3.999981176559169044e-02,1.967259953161592523e-01,7.260421545667447574e-02,1.891891891891891997e-01,2.500000000000000000e-01,2.432432432432432567e-01,0.000000000000000000e+00,3.250000000000000111e-01,7.499999999999999722e-02
2.389937106918239018e-01,3.166018808777429361e-01,3.207547169811320598e-01,9.433962264150943036e-03,3.417115987460815352e-01,7.835736677115986981e-02,1.379405476239740636e-01,1.667333333333333167e-01,1.724256845299675656e-01,0.000000000000000000e+00,5.999666666666666481e-01,3.339999999999999913e-02
2.058111380145278557e-01,3.172009685230023912e-01,3.922518159806295257e-01,4.842615012106537414e-02,2.566513317191283505e-01,1.113898305084745771e-01,3.055555555555555802e-01,4.680851063829787329e-01,6.111111111111111605e-01,5.555555555555555247e-02,1.701489361702127334e-01,2.340425531914893664e-01
2.313253012048192836e-01,2.795228915662650859e-01,3.855421686746988152e-01,3.132530120481927943e-02,1.831325301204819178e-01,4.819759036144578845e-02,1.891891891891891997e-01,1.891891891891891997e-01,2.432432432432432567e-01,0.000000000000000000e+00,1.891891891891891997e-01,0.000000000000000000e+00
2.838874680306905374e-01,3.341734693877551066e-01,5.294117647058823595e-01,5.115089514066496063e-02,2.729413265306122605e-01,5.101020408163264852e-02,2.682926829268292845e-01,3.181818181818181768e-01,4.146341463414633943e-01,2.439024390243902524e-02,3.181818181818181768e-01,6.818181818181817677e-02
2.750642673521850878e-01,3.059177377892030592e-01,4.267352185089974270e-01,2.313624678663239037e-02,1.671002570694087586e-01,3.085347043701799560e-02,3.783783783783783994e-01,4.102564102564102422e-01,7.027027027027027417e-01,5.405405405405405705e-02,1.282051282051281937e-01,5.128205128205128027e-02
2.222222222222222099e-01,3.494024096385542344e-01,4.154589371980676460e-01,3.623188405797101580e-02,2.698771084337349135e-01,1.277156626506024129e-01,2.143086759295638744e-01,4.634878048780488036e-01,2.857449012394185361e-01,0.000000000000000000e+00,1.951463414634146687e-01,3.171463414634146938e-01
2.180974477958236568e-01,3.201879350348028064e-01,3.271461716937354991e-01,1.624129930394431487e-02,1.670672853828306381e-01,1.020904872389791079e-01,2.307692307692307820e-01,2.500000000000000000e-01,5.128205128205127750e-01,7.692307692307692735e-02,2.250000000000000056e-01,2.500000000000000139e-02
2.042253521126760618e-01,2.852077464788732031e-01,3.098591549295774406e-01,1.760563380281690224e-02,3.239330985915492844e-01,8.098239436619718290e-02,2.758620689655172376e-01,3.225806451612903136e-01,3.103448275862069061e-01,0.000000000000000000e+00,4.193548387096774355e-01,6.451612903225806273e-02
2.402234636871508344e-01,3.156368715083798793e-01,3.687150837988826813e-01,1.675977653631284883e-02,1.592011173184357808e-01,7.541340782122904485e-02,2.121212121212121271e-01,2.121212121212121271e-01,4.242424242424242542e-01,3.030303030303030387e-02,1.514848484848484722e-01,0.000000000000000000e+00
1.769911504424778736e-01,2.610707964601769460e-01,3.008849557522124130e-01,1.769911504424778736e-02,1.460044247787610494e-01,8.407964601769911395e-02,1.363574382982591648e-01,2.399599999999999789e-01,2.272623971637652840e-01,0.000000000000000000e+00,2.400799999999999879e-01,1.199599999999999833e-01
2.302325581395348875e-01,3.139534883720930258e-01,4.093023255813953432e-01,4.186046511627906919e-02,2.000046511627906753e-01,8.372093023255813837e-02,1.714236736093254498e-01,1.944166666666666543e-01,2.571355104139881886e-01,0.000000000000000000e+00,3.888611111111111018e-01,2.774999999999999689e-02
2.691100000000000159e-01,3.308626500000000359e-01,4.100500000000000256e-01,1.735000000000000084e-02,1.449899999999999800e-01,5.846265000000000489e-02,2.727520683698517745e-01,3.334166666666666390e-01,3.636694244931357178e-01,0.000000000000000000e+00,1.250416666666666621e-01,8.341666666666665286e-02
2.271604938271604979e-01,3.160469135802468910e-01,3.777777777777777679e-01,3.703703703703703498e-02,2.148049382716049616e-01,8.888641975308642085e-02,3.636253446865246874e-01,4.473421052631578743e-01,3.939274567437350827e-01,0.000000000000000000e+00,1.841315789473683961e-01,1.315526315789473655e-01
2.442748091603053340e-01,3.002544529262086703e-01,3.765903307888040508e-01,1.781170483460559756e-02,1.908422391857506062e-01,5.597964376590330166e-02,2.142959188532787274e-01,2.667111111111110655e-01,2.381065765036430582e-01,0.000000000000000000e+00,2.445111111111111235e-01,6.671111111111110992e-02
1.923076923076923184e-01,2.860697115384615019e-01,3.557692307692307820e-01,4.326923076923076816e-02,2.307644230769230476e-01,9.376201923076923905e-02,1.071428571428571369e-01,2.647058823529411797e-01,1.785714285714285754e-01,0.000000000000000000e+00,3.234999999999999543e-01,1.764705882352941291e-01
2.459016393442622905e-01,3.142103825136612349e-01,3.825136612021857729e-01,2.459016393442622905e-02,8.470218579234972678e-02,6.830874316939890278e-02,1.923076923076923184e-01,2.222222222222222099e-01,1.923076923076923184e-01,0.000000000000000000e+00,2.592222222222221872e-01,3.703703703703703498e-02
2.028169014084507116e-01,3.146039325842696632e-01,3.380281690140845008e-01,2.535211267605633895e-02,1.994382022471909988e-01,1.123567415730337138e-01,1.111111111111111049e-01,1.724137931034482873e-01,2.592592592592592449e-01,3.703703703703703498e-02,2.758275862068965134e-01,6.896551724137930939e-02
2.130336492914751412e-01,3.500150000000000206e-01,4.160421856751161940e-01,4.761928631221209324e-02,2.650174999999999614e-01,1.375149999999999983e-01,1.153846153846153910e-01,2.580645161290322509e-01,2.692307692307692180e-01,3.846153846153846367e-02,3.548064516129031953e-01,1.612903225806451568e-01
1.803278688524590223e-01,2.417909836065573748e-01,3.032786885245901676e-01,2.868852459016393505e-02,2.049057377049180451e-01,6.146311475409835939e-02,2.500000000000000000e-01,3.793103448275861878e-01,5.416666666666666297e-01,8.333333333333332871e-02,1.724137931034482873e-01,1.724137931034482873e-01
2.505747126436781436e-01,4.114919540229884931e-01,4.298850574712643757e-01,4.137931034482758563e-02,2.068873563218390499e-01,1.609172413793103218e-01,2.285714285714285643e-01,3.250000000000000111e-01,4.857142857142857095e-01,5.714285714285714107e-02,1.000000000000000056e-01,1.250000000000000000e-01
1.712771428571428500e-01,3.070938857142856970e-01,3.263000000000000345e-01,2.982857142857142999e-02,2.575065714285714735e-01,1.348367428571428384e-01,2.285714285714285643e-01,2.894736842105263275e-01,3.428571428571428603e-01,0.000000000000000000e+00,2.894473684210526199e-01,7.894736842105262720e-02
2.597087378640776656e-01,2.912621359223300788e-01,4.223300970873786198e-01,3.398058252427184345e-02,1.893106796116504342e-01,3.155339805825242705e-02,2.857142857142856984e-01,4.047619047619047672e-01,5.428571428571428159e-01,2.857142857142857054e-02,4.761904761904761640e-02,1.666666666666666574e-01
2.009345794392523310e-01,3.846060606060605624e-01,3.855140186915888001e-01,4.439252336448597930e-02,2.797202797202796853e-01,1.841398601398600843e-01,2.750275027502749881e-01,3.830638297872340226e-01,4.250425042504250017e-01,0.000000000000000000e+00,1.915744680851063642e-01,1.490212765957446839e-01
2.805755395683453002e-01,3.453261390887290005e-01,4.916067146282973588e-01,5.035971223021582649e-02,1.918417266187050219e-01,6.475059952038370037e-02,2.058884084826024252e-01,2.895000000000000351e-01,4.117768169652048504e-01,5.882525956645782983e-02,2.106052631578947398e-01,1.052894736842105300e-01
2.359550561797752743e-01,2.966224719101123730e-01,3.325842696629213724e-01,1.348314606741573066e-02,1.415617977528089988e-01,6.066741573033707785e-02,2.727190085148935017e-01,3.142571428571428460e-01,3.636253446865246874e-01,0.000000000000000000e+00,1.713999999999999968e-01,5.711428571428570772e-02
2.233676975945017296e-01,2.886563573883161316e-01,3.058419243986254532e-01,1.030927835051546372e-02,1.683814432989690912e-01,6.528865979381442974e-02,2.307692307692307820e-01,2.307692307692307820e-01,5.000000000000000000e-01,7.692307692307692735e-02,2.691538461538461324e-01,0.000000000000000000e+00
2.567237163814181100e-01,3.447432762836185605e-01,3.594132029339853207e-01,1.466992665036674810e-02,1.638288508557457224e-01,8.801955990220050596e-02,4.090537223888737195e-01,5.665999999999998815e-01,4.999545495864011757e-01,0.000000000000000000e+00,2.667333333333333778e-01,2.666000000000000036e-01
2.065573770491803407e-01,2.688524590163934302e-01,3.311475409836065475e-01,1.639344262295082053e-02,1.868852459016393797e-01,6.229508196721311730e-02,1.481481481481481399e-01,2.580645161290322509e-01,1.481481481481481399e-01,0.000000000000000000e+00,9.674193548387095831e-02,1.290322580645161255e-01
2.434210526315789547e-01,3.151137855579868585e-01,3.574561403508771940e-01,2.412280701754385831e-02,1.838052516411378678e-01,7.222538293216629324e-02,3.170577045022193730e-01,4.285306122448979127e-01,6.097263548119603582e-01,4.877810838495683088e-02,1.428979591836734564e-01,1.632244897959183594e-01
2.145110410094637210e-01,2.839116719242902320e-01,3.564668769716088370e-01,3.154574132492113381e-02,2.870441640378548764e-01,6.940063091482649715e-02,2.352941176470588203e-01,2.972972972972973138e-01,4.117647058823529216e-01,2.941176470588235253e-02,2.973243243243243739e-01,8.108108108108108558e-02
2.847380410022778974e-01,3.681840909090909331e-01,4.829157175398633428e-01,3.872437357630979793e-02,1.386340909090909013e-01,8.409318181818183080e-02,3.250162508125406524e-01,3.864090909090908688e-01,7.000350017500875932e-01,7.500375018750937706e-02,9.095454545454545459e-02,9.095454545454545459e-02
2.383419689119170848e-01,2.860824742268041065e-01,3.886010362694300446e-01,3.108808290155440357e-02,2.706211340206186033e-01,4.896907216494845311e-02,3.421052631578947456e-01,3.589743589743589758e-01,6.842105263157894912e-01,7.894736842105262720e-02,2.564102564102563875e-01,2.564102564102564014e-02
2.014388489208633060e-01,2.445863309352518111e-01,2.805755395683453002e-01,1.798561151079136611e-02,1.654460431654675989e-01,4.314748201438848435e-02,3.333333333333333148e-01,3.571428571428571508e-01,4.814814814814814548e-01,3.703703703703703498e-02,1.428214285714285714e-01,3.571428571428571230e-02
2.539267015706806463e-01,3.368172323759791031e-01,4.842931937172774703e-01,5.235602094240837667e-02,1.984386422976501252e-01,8.355352480417756189e-02,2.352871974353695772e-01,2.972702702702702537e-01,3.235198964736331617e-01,0.000000000000000000e+00,1.891621621621621396e-01,8.105405405405403940e-02
1.869688385269121789e-01,2.889433427762039819e-01,2.804532577903682822e-01,2.266288951841359881e-02,1.926430594900849502e-01,1.019745042492917891e-01,2.580645161290322509e-01,4.102564102564102422e-01,4.838709677419354982e-01,6.451612903225806273e-02,1.025641025641025605e-01,2.051282051282051211e-01
2.356361904761904991e-01,3.160647619047619039e-01,3.815142857142856947e-01,2.220952380952381094e-02,2.056780952380952432e-01,7.398857142857143132e-02,2.250000000000000056e-01,2.619047619047619180e-01,4.000000000000000222e-01,5.000000000000000278e-02,1.666666666666666574e-01,4.761904761904761640e-02
2.203389830508474534e-01,3.220305084745762603e-01,4.067796610169491789e-01,5.084745762711864736e-02,2.813389830508475353e-01,1.016915254237288069e-01,1.428469395043211188e-01,1.999333333333333240e-01,2.142704092564816920e-01,0.000000000000000000e+00,3.332999999999999852e-01,6.659999999999999254e-02
2.365339578454332681e-01,3.185011709601873742e-01,4.168618266978922904e-01,4.215456674473067739e-02,2.388735362997657929e-01,8.196721311475409222e-02,2.285714285714285643e-01,2.894736842105263275e-01,2.285714285714285643e-01,0.000000000000000000e+00,1.578684210526315745e-01,7.894736842105262720e-02
2.206533333333333124e-01,2.927689795918367310e-01,3.432666666666666644e-01,1.679999999999999896e-02,2.195910204081632511e-01,6.691591836734694931e-02,2.499843759765014439e-01,3.332777777777777839e-01,3.124804699706268396e-01,0.000000000000000000e+00,2.777222222222222037e-01,1.110555555555555463e-01
2.178571428571428603e-01,2.714214285714285912e-01,3.607142857142857095e-01,3.214285714285713969e-02,2.321357142857143063e-01,5.356428571428571012e-02,2.307603553709472732e-01,2.592222222222221872e-01,3.461405330564208960e-01,0.000000000000000000e+00,2.592222222222221872e-01,3.699999999999999817e-02
2.580645161290322509e-01,3.297455197132616589e-01,4.014336917562724150e-01,3.225806451612903136e-02,2.186236559139785041e-01,7.168100358422939411e-02,3.749687526039496843e-01,4.443703703703703600e-01,6.249479210065828072e-01,4.166319473377218946e-02,3.334074074074074301e-01,1.110370370370370313e-01
2.151029748283752874e-01,3.295377574370709772e-01,4.530892448512585657e-01,6.178489702517162702e-02,2.059656750572082251e-01,1.144347826086956621e-01,1.891891891891891997e-01,2.857142857142856984e-01,4.324324324324324564e-01,5.405405405405405705e-02,1.666666666666666574e-01,1.190476190476190410e-01
2.315276638612410176e-01,2.972948402948402680e-01,4.211833034071512105e-01,4.187202431533082470e-02,2.088599508599508214e-01,6.633660933660932846e-02,2.105318561014763445e-01,2.500250000000000528e-01,5.789626042790599891e-01,1.052659280507381723e-01,3.001000000000000334e-01,5.002500000000000696e-02
2.281667832167831866e-01,3.103666666666666796e-01,3.718653846153845977e-01,2.279020979020979221e-02,1.977420138888889012e-01,7.822777777777778496e-02,1.363636363636363535e-01,1.914893617021276584e-01,1.363636363636363535e-01,0.000000000000000000e+00,2.341276595744680722e-01,6.382978723404254817e-02
2.389162561576354815e-01,3.275862068965517127e-01,4.359605911330049488e-01,3.940886699507389207e-02,2.807931034482759047e-01,8.866995073891625889e-02,2.631855984840509310e-01,3.637272727272726769e-01,4.474155174228865994e-01,2.631855984840509449e-02,2.273181818181817804e-01,1.364545454545454395e-01
2.822966507177033235e-01,3.301459330143540760e-01,4.090909090909091161e-01,2.392344497607655496e-02,1.291770334928229458e-01,4.784928229665071087e-02,2.142857142857142738e-01,2.325581395348837177e-01,2.857142857142856984e-01,0.000000000000000000e+00,1.627906976744186163e-01,2.325581395348837177e-02
2.032710280373831724e-01,2.663668224299065579e-01,3.364485981308411033e-01,3.037383177570093448e-02,2.686799065420560906e-01,6.309579439252337163e-02,2.646980971147907535e-01,3.589487179487179103e-01,4.999852945501603307e-01,5.882179935884239430e-02,2.051025641025640833e-01,1.281794871794871837e-01
2.364130434782608647e-01,3.125054347826087264e-01,3.722826086956521618e-01,3.532608695652173642e-02,2.581548913043478222e-01,7.609239130434783394e-02,2.162162162162162282e-01,3.409090909090908839e-01,2.702702702702702853e-01,0.000000000000000000e+00,2.727272727272727071e-01,1.590909090909090884e-01
2.140117647058823735e-01,2.823450980392157028e-01,3.365294117647058547e-01,2.282352941176470779e-02,2.484305882352941253e-01,6.693333333333333079e-02,3.529411764705882582e-01,4.054054054054054279e-01,6.764705882352941568e-01,8.823529411764706454e-02,1.891891891891891997e-01,8.108108108108108558e-02
2.305764411027568794e-01,2.756942355889724361e-01,3.458646616541353191e-01,2.255639097744360777e-02,1.829573934837092630e-01,4.511779448621553584e-02,1.724137931034482873e-01,2.000000000000000111e-01,3.448275862068965747e-01,3.448275862068965469e-02,2.999666666666666037e-01,3.333333333333333287e-02
2.408759124087591352e-01,3.187372262773722764e-01,3.722627737226277267e-01,2.919708029197080196e-02,2.092530413625304231e-01,7.786131386861315506e-02,2.571428571428571175e-01,2.571428571428571175e-01,5.999999999999999778e-01,8.571428571428571508e-02,1.713999999999999968e-01,0.000000000000000000e+00
2.627906976744185941e-01,3.558139534883720811e-01,4.813953488372093026e-01,3.953488372093023201e-02,2.325534883720929979e-01,9.302325581395348708e-02,2.564168312007999995e-01,3.095476190476190159e-01,3.846252468012000270e-01,2.564168312007999995e-02,1.904761904761904656e-01,7.145238095238094778e-02
2.240566037735849114e-01,3.396297169811320349e-01,4.339622641509434109e-01,5.896226415094339701e-02,2.004693396226414903e-01,1.155731132075471651e-01,3.243243243243243423e-01,4.186046511627907196e-01,4.864864864864865135e-01,2.702702702702702853e-02,3.255813953488372325e-01,1.395348837209302306e-01
1.687041564792176040e-01,2.396112469437652881e-01,2.958435207823960633e-01,3.422982885085574384e-02,3.618533007334963081e-01,7.090709046454767017e-02,2.631578947368420907e-02,7.499999999999999722e-02,5.263157894736841813e-02,0.000000000000000000e+00,4.999750000000000583e-01,5.000000000000000278e-02
1.909090909090909172e-01,2.272666666666666724e-01,2.969696969696969946e-01,1.515151515151515194e-02,2.696696969696969481e-01,3.635757575757576215e-02,2.592592592592592449e-01,2.592592592592592449e-01,2.962962962962962798e-01,0.000000000000000000e+00,2.591111111111110699e-01,0.000000000000000000e+00
2.271456179775280804e-01,2.889249438202247111e-01,3.632561797752809074e-01,2.438651685393258134e-02,2.162548314606741184e-01,5.701932584269662346e-02,2.592496574200955362e-01,3.103103448275862375e-01,3.703566534572793612e-01,3.703566534572793473e-02,1.379655172413793152e-01,6.893103448275861300e-02
2.237762237762237760e-01,2.890489510489510638e-01,3.403263403263403486e-01,2.564102564102564014e-02,2.097948717948718289e-01,6.527272727272727393e-02,3.142498000228545751e-01,4.284761904761904550e-01,3.999542909381785250e-01,2.856816363844132123e-02,1.428095238095238029e-01,1.665714285714285647e-01
2.440944881889763884e-01,2.992178477690288774e-01,4.881889763779527769e-01,5.774278215223097033e-02,2.467244094488188488e-01,5.512335958005248893e-02,2.500000000000000000e-01,2.941176470588235392e-01,6.250000000000000000e-01,6.250000000000000000e-02,3.528823529411764248e-01,5.882352941176470507e-02
2.034313725490196068e-01,2.549019607843137081e-01,3.553921568627451122e-01,3.921568627450980338e-02,2.205808823529411822e-01,5.147058823529411520e-02,2.333255558148061570e-01,2.580322580645161290e-01,2.666577780740642112e-01,0.000000000000000000e+00,2.580322580645161290e-01,3.222580645161290253e-02
2.153846153846153966e-01,2.666666666666666630e-01,3.897435897435897467e-01,4.358974358974358754e-02,2.589615384615384097e-01,5.128205128205128027e-02,2.857142857142856984e-01,3.181818181818181768e-01,4.523809523809523836e-01,2.380952380952380820e-02,2.272727272727272652e-01,4.545454545454545581e-02
2.659090909090909283e-01,3.522772727272727722e-01,3.954545454545454475e-01,2.272727272727272790e-02,9.319545454545456742e-02,8.636818181818183005e-02,3.181745869412058725e-01,3.478043478260869903e-01,4.090816117815504471e-01,2.272675621008613672e-02,1.739565217391303986e-01,4.345652173913043537e-02
2.410958904109589129e-01,3.251420765027322468e-01,3.835616438356164171e-01,2.191780821917808236e-02,1.557431693989071164e-01,8.470491803278688836e-02,1.481481481481481399e-01,2.333333333333333370e-01,2.222222222222222099e-01,0.000000000000000000e+00,2.000000000000000111e-01,1.000000000000000056e-01
2.170731707317073156e-01,3.187445255474452566e-01,4.073170731707316805e-01,4.634146341463414587e-02,2.238418491484184814e-01,1.021995133819951218e-01,2.727438026547063243e-01,4.286190476190475662e-01,4.848778713861445211e-01,6.060973392326806514e-02,2.619523809523809366e-01,2.143333333333333202e-01
2.214765100671141074e-01,3.187785234899328524e-01,2.953020134228188098e-01,1.342281879194630843e-02,1.778288590604027164e-01,9.730201342281877275e-02,3.750000000000000000e-01,4.000000000000000222e-01,5.416666666666666297e-01,0.000000000000000000e+00,1.599599999999999911e-01,4.000000000000000083e-02
2.151162790697674354e-01,3.023139534883720891e-01,3.808139534883721034e-01,4.069767441860465407e-02,2.732441860465116279e-01,8.719767441860465373e-02,2.187500000000000000e-01,2.424242424242424310e-01,3.437500000000000000e-01,3.125000000000000000e-02,3.029393939393939528e-01,3.030303030303030387e-02
2.508250825082508073e-01,3.366171617161716201e-01,4.059405940594059681e-01,2.640264026402640296e-02,1.419141914191419107e-01,8.579207920792079889e-02,2.352941176470588203e-01,2.777777777777777901e-01,5.000000000000000000e-01,5.882352941176470507e-02,1.666666666666666574e-01,5.555555555555555247e-02
2.426303854875283550e-01,3.416244343891402524e-01,4.036281179138321851e-01,3.174603174603174427e-02,2.262443438914026883e-01,9.954298642533936092e-02,3.250000000000000111e-01,3.863636363636363535e-01,5.000000000000000000e-01,2.500000000000000139e-02,1.590909090909090884e-01,9.090909090909091161e-02
2.296650717703349331e-01,2.440191387559808578e-01,2.799043062200957110e-01,2.392344497607655409e-03,1.387511961722487919e-01,1.435406698564593332e-02,2.424168964576831065e-01,2.646764705882352908e-01,6.060422411442077939e-01,6.060422411442077661e-02,2.941176470588235253e-02,2.938235294117646709e-02
2.151900000000000202e-01,2.966066666666666851e-01,3.717833333333333545e-01,2.935000000000000109e-02,2.072933333333333294e-01,7.595666666666667233e-02,1.111111111111111049e-01,1.428571428571428492e-01,1.481481481481481399e-01,0.000000000000000000e+00,4.285714285714285476e-01,3.571428571428571230e-02
2.408602150537634545e-01,3.326223175965665191e-01,4.451612903225806717e-01,4.946236559139784855e-02,1.309313304721030080e-01,9.227896995708155525e-02,2.174196634343610046e-01,3.078076923076923377e-01,4.783232595555942379e-01,6.522589903030830139e-02,9.615384615384615918e-02,1.154999999999999916e-01
2.352941176470588203e-01,3.029323529411764859e-01,3.529411764705882582e-01,2.352941176470588203e-02,1.911588235294117699e-01,6.763823529411763791e-02,2.142857142857142738e-01,2.142857142857142738e-01,3.928571428571428492e-01,3.571428571428571230e-02,1.428214285714285714e-01,0.000000000000000000e+00
2.344497607655502414e-01,3.444880382775120098e-01,4.306220095693780170e-01,5.502392344497607918e-02,2.870693779904305853e-01,1.100382775119617268e-01,1.515151515151515194e-01,2.631578947368420907e-01,2.121212121212121271e-01,0.000000000000000000e+00,3.684473684210526900e-01,1.315789473684210453e-01
2.479584263707139136e-01,3.266447706422018205e-01,3.259522616703170450e-01,1.242461364793649194e-02,2.678588990825687688e-01,7.929247706422017095e-02,8.695274118516585493e-02,1.599599999999999911e-01,8.695274118516585493e-02,0.000000000000000000e+00,3.999199999999999977e-01,7.995999999999998942e-02
2.166666666666666741e-01,2.749972222222222262e-01,2.944444444444444531e-01,8.333333333333333218e-03,1.499944444444444303e-01,5.833055555555555910e-02,2.413793103448275967e-01,2.903225806451613100e-01,3.793103448275861878e-01,3.448275862068965469e-02,1.612903225806451568e-01,6.451612903225806273e-02
2.429378531073446423e-01,3.135593220338983023e-01,4.209039548022598942e-01,4.519774011299435013e-02,2.344548022598870185e-01,7.062146892655367381e-02,2.105263157894736725e-01,2.105263157894736725e-01,2.631578947368420907e-01,0.000000000000000000e+00,3.684210526315789269e-01,0.000000000000000000e+00
2.566598385464336496e-01,3.043502415458937405e-01,3.631978847355192830e-01,1.937055385256103088e-02,7.003864734299516948e-02,4.831159420289855150e-02,2.571428571428571175e-01,2.972972972972973138e-01,3.714285714285714413e-01,0.000000000000000000e+00,1.621891891891892035e-01,5.405405405405405705e-02
2.709832134292565753e-01,3.333357314148681083e-01,4.436450839328537343e-01,4.556354916067146404e-02,1.534772182254196538e-01,6.235251798561150527e-02,2.631578947368420907e-01,3.333333333333333148e-01,3.421052631578947456e-01,2.631578947368420907e-02,1.666666666666666574e-01,9.523809523809523281e-02
2.831168831168831002e-01,3.558493506493506930e-01,4.493506493506493338e-01,3.896103896103896014e-02,1.272675324675324737e-01,7.273246753246752350e-02,3.333333333333333148e-01,3.488372093023255904e-01,4.047619047619047672e-01,0.000000000000000000e+00,9.306976744186046258e-02,2.325581395348837177e-02
2.233676975945017296e-01,2.886563573883161316e-01,3.058419243986254532e-01,1.030927835051546372e-02,1.683814432989690912e-01,6.528865979381442974e-02,2.307692307692307820e-01,2.307692307692307820e-01,5.000000000000000000e-01,7.692307692307692735e-02,2.691538461538461324e-01,0.000000000000000000e+00
1.809045226130653328e-01,3.075025000000000119e-01,3.115577889447236348e-01,2.512562814070351883e-02,2.750124999999999931e-01,1.275025000000000186e-01,1.199999999999999956e-01,1.851851851851851749e-01,3.200000000000000067e-01,4.000000000000000083e-02,3.704074074074074630e-01,7.407407407407406996e-02
2.222222222222222099e-01,2.916527777777778163e-01,4.055555555555555580e-01,4.166666666666666435e-02,2.694527777777777633e-01,6.943055555555556480e-02,1.034482758620689641e-01,1.612903225806451568e-01,2.758620689655172376e-01,3.448275862068965469e-02,3.547741935483870734e-01,6.451612903225806273e-02
2.318059299191374545e-01,3.072722371967654964e-01,3.557951482479784211e-01,1.617250673854447526e-02,2.102156334231805868e-01,7.546630727762802804e-02,1.428571428571428492e-01,1.666666666666666574e-01,2.000000000000000111e-01,0.000000000000000000e+00,1.388611111111111018e-01,2.777777777777777624e-02
2.150259067357512821e-01,2.849663212435233350e-01,4.015544041450777035e-01,3.626943005181346852e-02,3.342072538860103581e-01,6.994041450777201130e-02,1.904580516141319568e-01,3.702962962962962901e-01,4.761451290353299060e-01,9.522902580706597842e-02,2.961851851851851625e-01,2.221481481481481224e-01
2.608710775134928661e-01,3.410375722543352306e-01,4.956550472756364178e-01,6.086991808648166413e-02,2.023208092485549170e-01,8.092196531791907843e-02,1.935608748951545277e-01,2.424848484848484420e-01,4.193818956061681202e-01,6.452029163171817128e-02,1.817575757575757289e-01,6.066666666666666041e-02
1.871508379888268125e-01,3.314596100278551782e-01,3.798882681564245689e-01,5.307262569832402188e-02,2.478941504178273358e-01,1.448300835654596219e-01,3.437500000000000000e-01,4.473684210526315819e-01,6.250000000000000000e-01,3.125000000000000000e-02,2.104999999999999927e-01,1.578947368421052544e-01
2.420382165605095559e-01,3.057292993630573164e-01,3.789808917197452498e-01,2.547770700636942803e-02,3.120955414012738793e-01,6.369108280254777432e-02,2.162162162162162282e-01,2.750000000000000222e-01,3.783783783783783994e-01,2.702702702702702853e-02,2.000250000000000361e-01,7.499999999999999722e-02
2.754820936639118534e-01,3.471019283746556439e-01,4.049586776859503967e-01,3.030303030303030387e-02,2.066088154269972721e-01,7.161983471074379048e-02,3.250000000000000111e-01,3.863636363636363535e-01,5.000000000000000000e-01,2.500000000000000139e-02,1.363636363636363535e-01,9.090909090909091161e-02
2.239211627906976809e-01,2.883455813953488267e-01,4.041988372093022752e-01,4.142790697674418599e-02,3.109648837209302297e-01,6.099441860465116411e-02,3.076923076923077094e-01,3.076923076923077094e-01,6.153846153846154188e-01,7.692307692307692735e-02,3.076923076923077094e-01,0.000000000000000000e+00
2.018779342723004688e-01,2.793474178403755892e-01,3.661971830985915610e-01,3.755868544600939052e-02,2.464671361502347169e-01,7.746948356807512037e-02,2.619047619047619180e-01,2.954545454545454697e-01,3.809523809523809312e-01,0.000000000000000000e+00,2.727272727272727071e-01,4.545454545454545581e-02
2.232415902140672814e-01,2.905229357798165268e-01,3.577981651376146988e-01,2.446483180428134577e-02,1.528868501529052071e-01,6.728134556574923153e-02,3.214170922467054492e-01,3.870645161290321989e-01,4.999821434948751864e-01,3.571301024963394188e-02,1.289999999999999758e-01,9.674193548387095831e-02
2.155963302752293698e-01,3.462414578587699188e-01,2.821100917431192401e-01,1.376146788990825764e-02,2.209749430523917924e-01,1.321184510250569544e-01,2.222222222222222099e-01,2.999999999999999889e-01,3.888888888888888951e-01,5.555555555555555247e-02,2.249749999999999805e-01,1.000000000000000056e-01
1.875000000000000000e-01,3.020859375000000124e-01,3.619791666666666852e-01,4.427083333333333565e-02,3.385312499999999503e-01,1.145859374999999986e-01,2.758620689655172376e-01,2.999999999999999889e-01,4.137931034482758563e-01,3.448275862068965469e-02,1.333000000000000018e-01,3.333333333333333287e-02
2.309711286089238813e-01,2.887139107611548794e-01,4.698162729658792447e-01,6.036745406824146898e-02,2.598503937007873854e-01,5.774278215223096339e-02,2.105263157894736725e-01,3.023255813953488191e-01,4.473684210526315819e-01,7.894736842105262720e-02,1.395813953488372061e-01,1.162790697674418589e-01
2.565597667638483959e-01,3.002769679300291705e-01,4.402332361516034798e-01,4.081632653061224164e-02,1.369941690962099279e-01,4.371720116618076080e-02,3.125000000000000000e-01,4.054054054054054279e-01,4.062500000000000000e-01,0.000000000000000000e+00,1.351081081081081103e-01,1.351351351351351426e-01
2.048192771084337283e-01,2.981656626506024033e-01,2.740963855421686968e-01,3.012048192771084494e-03,2.861415662650603209e-01,9.334638554216866113e-02,1.199952001919923211e-01,1.851481481481481450e-01,2.399904003839846423e-01,3.999840006399743575e-02,4.444074074074074177e-01,7.403703703703702621e-02
1.986970684039087998e-01,3.615570032573289794e-01,3.517915309446253969e-01,2.931596091205211640e-02,2.736026058631922386e-01,1.628599348534201519e-01,1.666666666666666574e-01,2.307692307692307820e-01,3.750000000000000000e-01,4.166666666666666435e-02,2.692307692307692180e-01,7.692307692307692735e-02
2.195033333333333558e-01,2.887600000000000167e-01,3.383499999999999841e-01,1.580000000000000154e-02,2.101900000000000157e-01,6.372666666666666757e-02,1.818181818181818232e-01,2.058823529411764608e-01,1.818181818181818232e-01,0.000000000000000000e+00,2.646764705882352908e-01,2.941176470588235253e-02
2.293814432989690622e-01,2.964020618556700848e-01,3.041237113402061598e-01,1.030927835051546372e-02,7.217525773195876404e-02,6.702061855670102264e-02,2.368421052631578816e-01,2.750000000000000222e-01,2.368421052631578816e-01,0.000000000000000000e+00,7.499999999999999722e-02,5.000000000000000278e-02
2.149999999999999967e-01,3.050124999999999642e-01,3.400000000000000244e-01,2.500000000000000139e-02,1.899900000000000200e-01,9.001250000000000917e-02,2.258064516129032195e-01,3.513513513513513709e-01,3.548387096774193727e-01,3.225806451612903136e-02,2.162162162162162282e-01,1.621621621621621712e-01
2.390109890109890223e-01,3.076978021978022393e-01,4.093406593406593297e-01,2.747252747252747207e-02,1.675741758241758306e-01,6.868681318681318926e-02,8.571673476385038848e-02,1.579210526315789620e-01,1.142889796851338513e-01,0.000000000000000000e+00,2.632105263157895059e-01,7.897368421052632093e-02
2.210989156626505803e-01,2.757390476190476059e-01,3.900427710843372697e-01,3.247469879518072311e-02,2.240241666666666631e-01,5.061047619047618490e-02,1.363636363636363535e-01,1.363636363636363535e-01,3.181818181818181768e-01,4.545454545454545581e-02,2.272272727272727222e-01,0.000000000000000000e+00
2.340909090909090995e-01,3.363749999999999796e-01,3.681818181818181657e-01,3.181818181818181490e-02,2.068227272727272692e-01,1.022840909090908940e-01,2.432432432432432567e-01,3.488372093023255904e-01,4.324324324324324564e-01,5.405405405405405705e-02,1.395348837209302306e-01,1.395348837209302306e-01
2.354260089686098789e-01,3.946165919282511592e-01,4.932735426008968416e-01,6.726457399103139001e-02,2.197197309417040223e-01,1.591905829596412802e-01,1.578947368421052544e-01,2.380952380952380820e-01,2.894736842105263275e-01,2.631578947368420907e-02,2.619047619047619180e-01,9.523809523809523281e-02
2.340439759512215889e-01,3.303060606060606030e-01,3.738624550909124267e-01,2.735578939689603181e-02,1.818121212121212027e-01,9.697272727272726600e-02,1.612851198348440318e-01,2.777499999999999414e-01,1.935421438018128382e-01,0.000000000000000000e+00,2.778055555555555833e-01,1.388611111111111018e-01
2.291169451073985786e-01,3.357190476190476391e-01,3.818615751789976032e-01,3.341288782816229097e-02,2.190452380952381262e-01,1.071476190476190471e-01,1.599936002559897430e-01,2.758275862068965134e-01,1.599936002559897430e-01,0.000000000000000000e+00,3.792413793103447950e-01,1.378965517241379224e-01
2.332613390928725827e-01,3.930928725701944293e-01,3.866090712742980551e-01,3.455723542116630881e-02,2.332786177105831416e-01,1.598315334773218466e-01,1.621621621621621712e-01,2.250000000000000056e-01,1.891891891891891997e-01,0.000000000000000000e+00,2.999999999999999889e-01,7.499999999999999722e-02
1.960297766749379555e-01,3.052084367245657681e-01,3.722084367245657721e-01,4.466501240694788905e-02,2.307543424317616831e-01,1.091786600496277987e-01,1.515197430225158348e-01,2.820769230769231140e-01,2.424315888360253080e-01,0.000000000000000000e+00,2.051282051282051211e-01,1.538717948717948925e-01
2.414634146341463339e-01,3.073195121951219355e-01,3.829268292682926900e-01,3.170731707317073211e-02,1.365731707317072996e-01,6.585609756097561551e-02,1.578947368421052544e-01,1.794871794871794879e-01,3.157894736842105088e-01,5.263157894736841813e-02,1.025641025641025605e-01,2.564102564102564014e-02
2.238805970149253810e-01,2.860771144278607125e-01,4.029850746268656692e-01,4.228855721393035005e-02,2.139129353233830688e-01,6.219651741293532460e-02,2.083333333333333426e-01,3.448275862068965747e-01,2.916666666666666852e-01,0.000000000000000000e+00,1.379655172413793152e-01,1.724137931034482873e-01
2.488584474885844611e-01,3.447602739726027266e-01,4.383561643835616195e-01,4.566210045662100203e-02,1.552534246575342503e-01,9.590182648401826548e-02,3.250162508125406524e-01,3.721395348837209238e-01,5.750287514375719278e-01,5.000250012500625368e-02,9.302325581395348708e-02,6.981395348837209081e-02
2.484076433121019112e-01,3.216496815286624122e-01,3.503184713375795956e-01,2.229299363057324693e-02,1.815222929936305962e-01,7.324203821656050106e-02,2.399999999999999911e-01,3.214285714285714524e-01,4.400000000000000022e-01,4.000000000000000083e-02,1.785357142857142698e-01,1.071428571428571369e-01
2.511105263157894507e-01,3.051894736842105105e-01,3.516052631578947540e-01,8.631578947368420685e-03,1.463078947368421090e-01,5.197894736842105512e-02,2.105263157894736725e-01,2.682926829268292845e-01,2.894736842105263275e-01,0.000000000000000000e+00,4.878048780487805047e-02,7.317073170731706877e-02
1.930284556114980621e-01,3.493226666666666702e-01,3.726521573610865334e-01,4.825711390287451552e-02,2.826666666666665662e-01,1.573226666666666662e-01,2.222222222222222099e-01,3.437500000000000000e-01,4.074074074074073848e-01,3.703703703703703498e-02,3.125000000000000000e-01,1.562500000000000000e-01
2.551546391752577136e-01,3.393264781491002191e-01,3.659793814432989456e-01,1.288659793814432922e-02,1.182442159383033653e-01,8.482776349614393196e-02,1.935483870967741882e-01,2.424242424242424310e-01,2.903225806451613100e-01,3.225806451612903136e-02,2.121212121212121271e-01,6.060606060606060774e-02
2.267759562841530074e-01,3.160572207084468288e-01,4.016393442622950838e-01,2.732240437158469856e-02,2.561171662125340531e-01,8.989918256130788321e-02,2.571428571428571175e-01,3.333333333333333148e-01,4.285714285714285476e-01,2.857142857142857054e-02,2.563846153846153775e-01,1.025641025641025605e-01
2.565789473684210731e-01,3.917002188183807410e-01,5.109649122807017330e-01,5.701754385964911964e-02,1.138008752735229917e-01,1.356827133479212300e-01,1.891789632992811054e-01,3.022790697674418436e-01,2.972812280417274633e-01,2.702556618561158600e-02,2.092790697674418443e-01,1.394883720930232274e-01
2.433035714285714246e-01,3.519064587973274039e-01,4.062500000000000000e-01,2.901785714285714385e-02,2.249599109131402985e-01,1.091447661469933383e-01,1.621577795194724669e-01,2.249749999999999805e-01,2.972892624523661986e-01,2.702629658657874218e-02,3.499499999999999833e-01,7.497499999999998610e-02
2.801822323462414555e-01,3.712984054669704048e-01,4.214123006833713214e-01,2.505694760820045483e-02,1.344009111617312235e-01,9.111617312072893549e-02,2.702629658657874079e-01,3.414390243902438726e-01,3.513418556255236691e-01,2.702629658657874218e-02,9.756097560975610095e-02,9.753658536585364802e-02
2.167300380228136814e-01,2.775703422053232283e-01,3.117870722433460084e-01,1.520912547528517102e-02,2.281064638783269760e-01,6.084030418250951228e-02,3.076923076923077094e-01,3.076923076923077094e-01,5.384615384615384359e-01,5.128205128205128027e-02,1.538461538461538547e-01,0.000000000000000000e+00
2.838427947598253231e-01,4.191943231441047635e-01,4.912663755458515080e-01,3.930131004366812369e-02,1.462816593886462901e-01,1.353515283842794681e-01,4.053944487986811396e-01,4.883488372093022778e-01,7.837626010107835439e-01,8.107888975973623347e-02,2.557906976744185878e-01,1.395116279069767429e-01
2.287104622871046211e-01,3.163065693430657244e-01,3.819951338199513158e-01,3.649635036496350071e-02,2.603309002433090158e-01,8.759610705596107549e-02,3.235103817422504413e-01,4.888444444444444148e-01,6.764307981883418419e-01,5.882006940768189779e-02,2.222222222222222099e-01,2.443999999999999784e-01
2.798165137614678777e-01,3.935949656750571957e-01,5.458715596330274700e-01,6.880733944954128822e-02,2.151029748283752874e-01,1.144187643020594947e-01,3.636363636363636465e-01,4.615384615384615641e-01,6.363636363636363535e-01,6.060606060606060774e-02,1.538205128205128169e-01,1.538461538461538547e-01
2.335766423357664157e-01,3.017007299270073051e-01,3.795620437956204185e-01,3.163017031630170617e-02,1.289391727493917339e-01,6.812408759124087554e-02,1.282051282051281937e-01,2.272727272727272652e-01,1.794871794871794879e-01,0.000000000000000000e+00,1.364318181818181819e-01,1.136363636363636326e-01
2.470588235294117752e-01,3.552823529411764936e-01,4.517647058823529571e-01,4.000000000000000083e-02,1.647011764705882397e-01,1.082235294117647045e-01,2.777777777777777901e-01,3.658536585365853577e-01,5.277777777777777901e-01,5.555555555555555247e-02,1.951219512195122019e-01,1.219512195121951192e-01
2.554945054945054750e-01,3.186840659340659521e-01,4.532967032967032961e-01,5.219780219780219971e-02,1.263708791208791316e-01,6.318956043956043545e-02,2.500000000000000000e-01,2.857142857142856984e-01,2.500000000000000000e-01,0.000000000000000000e+00,9.523809523809523281e-02,4.761904761904761640e-02
2.362204724409448786e-01,3.726955380577428034e-01,3.674540682414698112e-01,1.837270341207349056e-02,1.758530183727034235e-01,1.364750656167978971e-01,1.714285714285714302e-01,3.095238095238095344e-01,3.428571428571428603e-01,5.714285714285714107e-02,1.666666666666666574e-01,1.666666666666666574e-01
2.651685393258427226e-01,3.685483146067415894e-01,4.337078651685393194e-01,3.146067415730337269e-02,1.617932584269662910e-01,1.033797752808988807e-01,2.999850007499624827e-01,3.635909090909090757e-01,3.749812509374531033e-01,0.000000000000000000e+00,9.095454545454545459e-02,9.086363636363635476e-02
2.360097323600973129e-01,3.041435523114355277e-01,3.503649635036496512e-01,1.459854014598540098e-02,1.192311435523114443e-01,6.813381995133820090e-02,3.143036744956854700e-01,4.146829268292682724e-01,3.714497971312646918e-01,0.000000000000000000e+00,1.219999999999999973e-01,1.463902439024390156e-01
2.506329113924050667e-01,2.734177215189873555e-01,3.645569620253164556e-01,2.025316455696202569e-02,1.493569620253164532e-01,2.278481012658227847e-02,3.030303030303030387e-01,3.428571428571428603e-01,3.636363636363636465e-01,0.000000000000000000e+00,5.714285714285714107e-02,5.714285714285714107e-02
2.833333333333333259e-01,3.547523809523809857e-01,4.428571428571428381e-01,3.571428571428571230e-02,1.999880952380952426e-01,7.141904761904761811e-02,1.891891891891891997e-01,2.500000000000000000e-01,3.513513513513513709e-01,2.702702702702702853e-02,1.749749999999999917e-01,7.499999999999999722e-02
2.488262910798122174e-01,3.544600938967136239e-01,4.577464788732394374e-01,5.868544600938967182e-02,2.558685446009389408e-01,1.056338028169014065e-01,2.571428571428571175e-01,3.157894736842105088e-01,4.285714285714285476e-01,5.714285714285714107e-02,1.841842105263157836e-01,7.894736842105262720e-02
2.253886010362694259e-01,3.212383419689119335e-01,3.316062176165803232e-01,1.813471502590673426e-02,1.683886010362694030e-01,9.584974093264249373e-02,2.580645161290322509e-01,2.580645161290322509e-01,4.193548387096774355e-01,3.225806451612903136e-02,3.225483870967741362e-01,0.000000000000000000e+00
2.662721893491124536e-01,3.284023668639053373e-01,4.526627218934911046e-01,3.846153846153846367e-02,2.425946745562129747e-01,6.213017751479289752e-02,2.682926829268292845e-01,3.333333333333333148e-01,7.560975609756097615e-01,1.463414634146341375e-01,2.444444444444444364e-01,8.888888888888889228e-02
2.700892857142856984e-01,3.363118040089086436e-01,4.441964285714285476e-01,3.348214285714285615e-02,1.982271714922049233e-01,6.682405345211581138e-02,3.414634146341463672e-01,3.863636363636363535e-01,6.097560975609755962e-01,4.878048780487805047e-02,1.136363636363636326e-01,6.818181818181817677e-02
2.622107969151670770e-01,3.410410256410256191e-01,4.370179948586118135e-01,3.084832904884318716e-02,2.256512820512820150e-01,7.950256410256409390e-02,2.647058823529411797e-01,3.243243243243243423e-01,4.705882352941176405e-01,2.941176470588235253e-02,2.161891891891891682e-01,8.108108108108108558e-02
2.142857142857142738e-01,3.129821882951654421e-01,3.954081632653061451e-01,4.591836734693877792e-02,2.620966921119592952e-01,9.924173027989822982e-02,1.111111111111111049e-01,2.727272727272727071e-01,1.111111111111111049e-01,0.000000000000000000e+00,3.636363636363636465e-01,1.818181818181818232e-01
2.527472527472527375e-01,3.070307017543859596e-01,3.868131868131868267e-01,2.197802197802197974e-02,1.469451754385965037e-01,5.483771929824561575e-02,2.619047619047619180e-01,3.111111111111111160e-01,2.619047619047619180e-01,0.000000000000000000e+00,8.888888888888889228e-02,6.666666666666666574e-02
2.874109263657957380e-01,3.420451306413301862e-01,5.344418052256532103e-01,5.463182897862232934e-02,2.446365795724465553e-01,5.463420427553443426e-02,2.941089967942119299e-01,3.683947368421052193e-01,7.646833916649510288e-01,1.176435987176847886e-01,1.579210526315789620e-01,1.052368421052631425e-01
2.505800464037122866e-01,3.449212962962963092e-01,4.825986078886310704e-01,5.800464037122969596e-02,1.759282407407407323e-01,9.492129629629629528e-02,3.333333333333333148e-01,3.953488372093023062e-01,7.435897435897436125e-01,1.025641025641025605e-01,1.162790697674418589e-01,9.302325581395348708e-02
2.131578947368421018e-01,3.157842105263157784e-01,3.868421052631578760e-01,3.684210526315789130e-02,2.289473684210525939e-01,1.026263157894736905e-01,1.875000000000000000e-01,3.157894736842105088e-01,2.500000000000000000e-01,0.000000000000000000e+00,2.631578947368421462e-01,1.578947368421052544e-01
2.409326424870466277e-01,3.333307493540051403e-01,4.041450777202072464e-01,3.108808290155440357e-02,2.248062015503876354e-01,9.302067183462531252e-02,2.121147844004727390e-01,3.499749999999999805e-01,4.242295688009454779e-01,6.060422411442077661e-02,2.000000000000000111e-01,1.749749999999999917e-01
1.863354037267080654e-01,3.167577639751552598e-01,3.229813664596273282e-01,3.105590062111801206e-02,2.391118012422360217e-01,1.304223602484471944e-01,2.333333333333333370e-01,3.947368421052631637e-01,3.666666666666666408e-01,3.333333333333333287e-02,2.631315789473683830e-01,2.105263157894736725e-01
2.103960396039603886e-01,3.118787128712871004e-01,3.168316831683168355e-01,1.980198019801980222e-02,2.128688118811881136e-01,1.014826732673267395e-01,2.500000000000000000e-01,2.682926829268292845e-01,4.249999999999999889e-01,5.000000000000000278e-02,2.926829268292682751e-01,2.439024390243902524e-02
2.140461068692078028e-01,2.933299999999999796e-01,3.812696278607763944e-01,3.678917461814509154e-02,2.900066666666666348e-01,7.999666666666666037e-02,2.352871974353695772e-01,2.777499999999999969e-01,4.705743948707391544e-01,5.882179935884239430e-02,2.499722222222221790e-01,5.552777777777777313e-02
2.128956164383561667e-01,2.934945205479452257e-01,3.545465753424657529e-01,2.576986301369862953e-02,3.447002739726027221e-01,7.905890410958904546e-02,1.249895842013165614e-01,1.922307692307692051e-01,1.249895842013165614e-01,0.000000000000000000e+00,4.229615384615384444e-01,7.684615384615384182e-02
2.210242587601078113e-01,3.064462365591397730e-01,3.530997304582210172e-01,2.425876010781671116e-02,2.849354838709677873e-01,8.601612903225805407e-02,1.304347826086956486e-01,3.103448275862069061e-01,3.043478260869565410e-01,4.347826086956521618e-02,2.758620689655172376e-01,2.068965517241379282e-01
2.770270270270270285e-01,3.603738738738738734e-01,3.963963963963963999e-01,1.801801801801801786e-02,1.599009009009009219e-01,8.334684684684684486e-02,3.488372093023255904e-01,4.042553191489361430e-01,5.116279069767442067e-01,0.000000000000000000e+00,1.702127659574468044e-01,8.510638297872340219e-02
2.477064220183486376e-01,2.843975535168196123e-01,4.097859327217125425e-01,3.669724770642202039e-02,2.874464831804281473e-01,3.669113149847094690e-02,2.093023255813953598e-01,2.608695652173912971e-01,5.581395348837209225e-01,9.302325581395348708e-02,2.608695652173912971e-01,6.521739130434782428e-02
2.152588555858310493e-01,2.806485013623977731e-01,3.623978201634877605e-01,2.452316076294278058e-02,3.051580381471389325e-01,6.538964577656675159e-02,2.000000000000000111e-01,2.380952380952380820e-01,3.750000000000000000e-01,5.000000000000000278e-02,1.190476190476190410e-01,4.761904761904761640e-02
1.935483870967741882e-01,2.499811827956989196e-01,2.526881720430107503e-01,8.064516129032257841e-03,1.558844086021505537e-01,5.643279569892472453e-02,4.102564102564102422e-01,4.249999999999999889e-01,5.384615384615384359e-01,0.000000000000000000e+00,1.000000000000000056e-01,2.500000000000000139e-02
2.346368715083798906e-01,3.435726256983240301e-01,4.245810055865921750e-01,3.910614525139664843e-02,1.703687150837988884e-01,1.089357541899441256e-01,2.580728410593890465e-01,3.784054054054054594e-01,4.193683667215071798e-01,3.225910513242363081e-02,1.081081081081081141e-01,1.621891891891892035e-01
2.770270270270270285e-01,3.603738738738738734e-01,3.963963963963963999e-01,1.801801801801801786e-02,1.599009009009009219e-01,8.334684684684684486e-02,3.488372093023255904e-01,4.042553191489361430e-01,5.116279069767442067e-01,0.000000000000000000e+00,1.702127659574468044e-01,8.510638297872340219e-02
2.204107692307692157e-01,3.186543511450381505e-01,4.161307692307691930e-01,3.935384615384615592e-02,2.326427480916030133e-01,9.418259541984733141e-02,2.894736842105263275e-01,3.076923076923077094e-01,5.789473684210526550e-01,5.263157894736841813e-02,2.050769230769230733e-01,2.564102564102564014e-02
2.161520190023752952e-01,2.422802850356294557e-01,4.085510688836104243e-01,4.988123515439429889e-02,2.066555819477434441e-01,2.612826603325415706e-02,2.250000000000000056e-01,2.619047619047619180e-01,3.499999999999999778e-01,2.500000000000000139e-02,1.428571428571428492e-01,4.761904761904761640e-02
2.363636363636363591e-01,2.919870801033591645e-01,3.246753246753246724e-01,1.818181818181818094e-02,9.560206718346254962e-02,5.684496124031007680e-02,2.500000000000000000e-01,3.142857142857142794e-01,3.437500000000000000e-01,0.000000000000000000e+00,8.571428571428571508e-02,8.571428571428571508e-02
2.551724137931034586e-01,3.356367816091954115e-01,4.344827586206896353e-01,3.678160919540229834e-02,2.367793103448275482e-01,8.046436781609193900e-02,2.999999999999999889e-01,3.488372093023255904e-01,5.999999999999999778e-01,5.000000000000000278e-02,1.627906976744186163e-01,6.976744186046511531e-02
1.852861035422343206e-01,2.261498637602179784e-01,3.405994550408719124e-01,2.452316076294278058e-02,3.133269754768392978e-01,4.086376021798365094e-02,1.891891891891891997e-01,2.857142857142856984e-01,1.891891891891891997e-01,0.000000000000000000e+00,3.095238095238095344e-01,1.190476190476190410e-01
2.242865517241379170e-01,3.036917241379309962e-01,3.587603448275861751e-01,1.859999999999999848e-02,2.094065517241379126e-01,7.289517241379310508e-02,2.432432432432432567e-01,3.488372093023255904e-01,4.594594594594594850e-01,5.405405405405405705e-02,1.395348837209302306e-01,1.395348837209302306e-01
1.816037735849056478e-01,2.870588235294117552e-01,3.207547169811320598e-01,3.301886792452830149e-02,2.799929411764706111e-01,1.058823529411764691e-01,1.428571428571428492e-01,2.682926829268292845e-01,1.428571428571428492e-01,0.000000000000000000e+00,1.951219512195122019e-01,1.463414634146341375e-01
2.085784615384615459e-01,2.753353846153846485e-01,3.321230769230769098e-01,2.190769230769230858e-02,2.193569230769230605e-01,6.339692307692307294e-02,2.702702702702702853e-01,2.702702702702702853e-01,3.783783783783783994e-01,2.702702702702702853e-02,8.108108108108108558e-02,0.000000000000000000e+00
2.211506060606060753e-01,2.937062121212121180e-01,3.493136363636363817e-01,1.660000000000000017e-02,2.027165151515151476e-01,6.674560606060606083e-02,1.875000000000000000e-01,2.571428571428571175e-01,3.437500000000000000e-01,3.125000000000000000e-02,2.285428571428571309e-01,8.571428571428571508e-02
2.289855072463768126e-01,2.745578034682080726e-01,3.246376811594202660e-01,1.739130434782608717e-02,1.676271676300578051e-01,4.623410404624277159e-02,1.538461538461538547e-01,2.413793103448275967e-01,1.538461538461538547e-01,0.000000000000000000e+00,1.378620689655172260e-01,1.034482758620689641e-01
2.181200734225724192e-01,2.809163879598662317e-01,3.322136502897641286e-01,1.342277374908137921e-02,2.575150501672240910e-01,6.352508361204012299e-02,2.000000000000000111e-01,2.258064516129032195e-01,2.999999999999999889e-01,3.333333333333333287e-02,2.902903225806451326e-01,3.225806451612903136e-02
2.118863049095607298e-01,2.661421188630491153e-01,3.100775193798449569e-01,2.067183462532299829e-02,2.609586563307493279e-01,5.425581395348837155e-02,2.121212121212121271e-01,2.571428571428571175e-01,2.424242424242424310e-01,0.000000000000000000e+00,2.857714285714286206e-01,5.714285714285714107e-02
2.795454545454545414e-01,3.386477272727272392e-01,4.522727272727272707e-01,3.863636363636363535e-02,1.704568181818181816e-01,5.910227272727273246e-02,2.820512820512820484e-01,2.820512820512820484e-01,4.615384615384615641e-01,5.128205128205128027e-02,1.282051282051281937e-01,0.000000000000000000e+00
2.387336363636363701e-01,2.959443181818181556e-01,4.191227272727272579e-01,3.755000000000000004e-02,3.062372727272726358e-01,5.588068181818182933e-02,2.926829268292682751e-01,3.555555555555555691e-01,5.365853658536585691e-01,4.878048780487805047e-02,3.333333333333333148e-01,8.888888888888889228e-02
1.846153846153846256e-01,3.025615384615384373e-01,3.307692307692307598e-01,3.076923076923077094e-02,1.717769230769231048e-01,1.179461538461538395e-01,1.714285714285714302e-01,2.564102564102563875e-01,2.857142857142856984e-01,2.857142857142857054e-02,1.025641025641025605e-01,1.025641025641025605e-01
2.132132132132132096e-01,2.934041916167664521e-01,4.504504504504504570e-01,6.606606606606606202e-02,3.832455089820359651e-01,8.082934131736525807e-02,2.285714285714285643e-01,2.894736842105263275e-01,3.714285714285714413e-01,2.857142857142857054e-02,2.894736842105263275e-01,7.894736842105262720e-02
2.195121951219512202e-01,3.140152439024390119e-01,2.713414634146341653e-01,3.048780487804878155e-03,2.012042682926829529e-01,9.450304878048779167e-02,1.842105263157894635e-01,3.111111111111111160e-01,2.105263157894736725e-01,0.000000000000000000e+00,2.444444444444444364e-01,1.555555555555555580e-01
2.517321016166281789e-01,3.302586605080831683e-01,3.995381062355657931e-01,2.771362586605080960e-02,1.524295612009237688e-01,7.852655889145497559e-02,2.926829268292682751e-01,3.695652173913043237e-01,4.146341463414633943e-01,0.000000000000000000e+00,3.260869565217391353e-01,1.086956521739130405e-01
2.032710280373831724e-01,2.873808411214953118e-01,3.785046728971962482e-01,4.439252336448597930e-02,3.878621495327102542e-01,8.410981308411213941e-02,1.212121212121212155e-01,2.564102564102563875e-01,3.030303030303030387e-01,6.060606060606060774e-02,3.589743589743589758e-01,1.538461538461538547e-01
2.517814726840855166e-01,3.222701421800947541e-01,3.467933491686460701e-01,1.425178147268408614e-02,1.611421800947867300e-01,7.108530805687203469e-02,3.414634146341463672e-01,4.130434782608695676e-01,3.902439024390244038e-01,0.000000000000000000e+00,1.739130434782608647e-01,1.086956521739130405e-01
1.696428571428571508e-01,2.380863095238095195e-01,2.648809523809523836e-01,1.785714285714285615e-02,2.648690476190476151e-01,6.844345238095238260e-02,7.142857142857142461e-02,7.142857142857142461e-02,1.071428571428571369e-01,0.000000000000000000e+00,3.213571428571428412e-01,0.000000000000000000e+00
1.696750902527075777e-01,3.068555956678700181e-01,2.888086642599277942e-01,2.888086642599278081e-02,2.635270758122743029e-01,1.371805054151624681e-01,2.800000000000000266e-01,3.333333333333333148e-01,4.400000000000000022e-01,4.000000000000000083e-02,2.963333333333333930e-01,7.407407407407406996e-02
2.415578947368421103e-01,3.050666666666666527e-01,3.937543859649123013e-01,2.652631578947368257e-02,1.726175438596491141e-01,5.790877192982456234e-02,3.846055229353093630e-01,3.999750000000000250e-01,4.871669957180585486e-01,0.000000000000000000e+00,2.500000000000000139e-02,2.497499999999999720e-02
1.861111111111111160e-01,2.817679558011049745e-01,3.361111111111111382e-01,3.055555555555555455e-02,2.403149171270718143e-01,9.668508287292817971e-02,2.424168964576831065e-01,2.856857142857143206e-01,3.030211205721038970e-01,0.000000000000000000e+00,2.856285714285713984e-01,5.711428571428570772e-02
2.300613496932515378e-01,2.546012269938650041e-01,3.466257668711656414e-01,1.840490797546012400e-02,2.822085889570552508e-01,2.453987730061349751e-02,2.647058823529411797e-01,3.055555555555555802e-01,2.647058823529411797e-01,0.000000000000000000e+00,3.333055555555555216e-01,5.555555555555555247e-02
2.415458937198067535e-01,2.946980676328502247e-01,4.396135265700483186e-01,4.830917874396135209e-02,2.367028985507246552e-01,5.315217391304347810e-02,2.285583680932518069e-01,3.249499999999999611e-01,3.142677561282212206e-01,2.856979601165647586e-02,3.250000000000000111e-01,1.249499999999999778e-01
2.185792349726775885e-01,2.868825136612021542e-01,4.480874316939890689e-01,6.284153005464480912e-02,3.415327868852459092e-01,6.830327868852459350e-02,2.257991677687816445e-01,3.142571428571428460e-01,3.548272636366568422e-01,3.225702396696880636e-02,4.570857142857143174e-01,1.142571428571428488e-01
2.118863049095607298e-01,3.126485788113695374e-01,3.798449612403100861e-01,3.875968992248061962e-02,3.255762273901808279e-01,1.007622739018087937e-01,1.351351351351351426e-01,1.578947368421052544e-01,1.621621621621621712e-01,0.000000000000000000e+00,3.947368421052631637e-01,2.631578947368420907e-02
2.379746835443037889e-01,2.752474747474747407e-01,3.974683544303797555e-01,3.037974683544303681e-02,2.550530303030303370e-01,3.787373737373737198e-02,1.388888888888888951e-01,1.842105263157894635e-01,2.500000000000000000e-01,2.777777777777777624e-02,2.631315789473684386e-01,5.263157894736841813e-02
1.958041958041958075e-01,2.906976744186046679e-01,3.286713286713286442e-01,2.331002331002331174e-02,3.325627906976744153e-01,9.534883720930233120e-02,3.333504282270886021e-01,4.222666666666666235e-01,4.615621313913534363e-01,0.000000000000000000e+00,3.333777777777777729e-01,1.333777777777777618e-01
2.055427251732101501e-01,3.002332563510392571e-01,3.256351039260970137e-01,1.385681293302540480e-02,2.078568129330253811e-01,9.469053117782909312e-02,1.777777777777777846e-01,1.956521739130434867e-01,2.666666666666666630e-01,0.000000000000000000e+00,2.609130434782608865e-01,2.173913043478260809e-02
2.385786802030456788e-01,3.198045685279187755e-01,4.137055837563451965e-01,4.314720812182740867e-02,2.309517766497461988e-01,8.122588832487309674e-02,1.081081081081081141e-01,2.500000000000000000e-01,1.351351351351351426e-01,0.000000000000000000e+00,2.500227272727272854e-01,1.590909090909090884e-01
2.412177985948477654e-01,3.138220140515222689e-01,4.379391100702575979e-01,3.981264637002342177e-02,2.014074941451990675e-01,7.260421545667447574e-02,2.142857142857142738e-01,2.666666666666666630e-01,3.333333333333333148e-01,2.380952380952380820e-02,2.222222222222222099e-01,6.666666666666666574e-02
2.410958904109589129e-01,3.041068493150684837e-01,4.356164383561643705e-01,5.479452054794520244e-02,2.767013698630136909e-01,6.301095890410958467e-02,3.124902346801662900e-01,3.713999999999999524e-01,3.437392581481829024e-01,0.000000000000000000e+00,2.285714285714285643e-01,8.568571428571428172e-02
2.423312883435582710e-01,3.547217125382263192e-01,3.619631901840490995e-01,2.147239263803681075e-02,1.865198776758410226e-01,1.131314984709480137e-01,2.999900003333222376e-01,3.999714285714285333e-01,4.999833338888703405e-01,6.666444451851605280e-02,2.285142857142856976e-01,1.428285714285714159e-01
2.095671981776765502e-01,3.462482915717539633e-01,3.599088838268792445e-01,3.644646924829157003e-02,2.164123006833712781e-01,1.366810933940774409e-01,2.999999999999999889e-01,4.285714285714285476e-01,4.500000000000000111e-01,2.500000000000000139e-02,1.428571428571428492e-01,1.836734693877551117e-01
2.051282051282051211e-01,3.636363636363636465e-01,3.846153846153846367e-01,4.895104895104895187e-02,1.934685314685314905e-01,1.585081585081584976e-01,3.235294117647058987e-01,4.102564102564102422e-01,7.058823529411765163e-01,8.823529411764706454e-02,1.537948717948717792e-01,1.282051282051281937e-01
2.354260089686098789e-01,3.856681614349776188e-01,4.529147982062780020e-01,5.829596412556053986e-02,3.027085201793721647e-01,1.502421524663677399e-01,2.285714285714285643e-01,3.720930232558139483e-01,3.714285714285714413e-01,2.857142857142857054e-02,3.255581395348837170e-01,1.860465116279069742e-01
2.424242424242424310e-01,3.333358585858586243e-01,4.419191919191919338e-01,5.555555555555555247e-02,2.550479797979797736e-01,9.091161616161617942e-02,1.666620371656342969e-01,2.307435897435897165e-01,3.055470681369962249e-01,2.777700619427238282e-02,3.333076923076922493e-01,7.689743589743588958e-02
2.274881516587677621e-01,2.938341232227487665e-01,3.838862559241706385e-01,3.317535545023696936e-02,1.303483412322274937e-01,6.634597156398103213e-02,2.500000000000000000e-01,3.023255813953488191e-01,5.500000000000000444e-01,1.000000000000000056e-01,9.299999999999998546e-02,6.976744186046511531e-02
2.832073102573677836e-01,3.349975000000000036e-01,5.012518765617128835e-01,5.012518765617129252e-02,1.499850000000000072e-01,5.249749999999999556e-02,2.790697674418604612e-01,2.954545454545454697e-01,5.581395348837209225e-01,4.651162790697674354e-02,9.090909090909091161e-02,2.272727272727272790e-02
2.476845454545454628e-01,3.302445454545454573e-01,4.659227272727272662e-01,5.747272727272727255e-02,2.556859090909091026e-01,8.249000000000000776e-02,3.589743589743589758e-01,4.186046511627907196e-01,8.205128205128204844e-01,1.282051282051281937e-01,2.790697674418604612e-01,9.302325581395348708e-02
2.284946236559139698e-01,2.956908602150537524e-01,3.091397849462365621e-01,5.376344086021505805e-03,2.069704301075268593e-01,6.719623655913978255e-02,2.142780614978036513e-01,2.902903225806451326e-01,3.214170922467054492e-01,0.000000000000000000e+00,2.902258064516128888e-01,9.674193548387095831e-02
1.924882629107981247e-01,2.934225352112675989e-01,3.896713615023474353e-01,4.929577464788732072e-02,2.323920187793427072e-01,1.009342723004694881e-01,1.562402349853134198e-01,3.249499999999999611e-01,3.749765639647521520e-01,6.249609399412536098e-02,2.999499999999999944e-01,1.999499999999999889e-01
2.342342342342342287e-01,3.333378378378378804e-01,4.369369369369369149e-01,5.180180180180180005e-02,3.040653153153153321e-01,9.910360360360359611e-02,2.999999999999999889e-01,4.042553191489361430e-01,6.750000000000000444e-01,1.000000000000000056e-01,2.340425531914893664e-01,1.489361702127659504e-01
2.280504347826086964e-01,3.075721739130434229e-01,3.728608695652173566e-01,3.210434782608695414e-02,2.204365217391304477e-01,7.924173913043477957e-02,2.121212121212121271e-01,2.571428571428571175e-01,3.333333333333333148e-01,3.030303030303030387e-02,3.999714285714285888e-01,5.714285714285714107e-02
2.853881278538812905e-01,3.401780821917808062e-01,4.200913242009132187e-01,2.283105022831050102e-02,1.027465753424657707e-01,5.478995433789954350e-02,2.272727272727272652e-01,2.272727272727272652e-01,3.863636363636363535e-01,4.545454545454545581e-02,1.136136363636363611e-01,0.000000000000000000e+00
2.211055276381909684e-01,2.914597989949748724e-01,3.869346733668341809e-01,4.020100502512562873e-02,2.537738693467336826e-01,7.035427135678391786e-02,2.631440450502605111e-01,3.332857142857142962e-01,6.315457081206251599e-01,1.052576180201041933e-01,2.143571428571428572e-01,9.519047619047618647e-02
